-- --------------------------------------------------------
-- Host:                         127.0.0.1
-- Versión del servidor:         10.1.36-MariaDB - mariadb.org binary distribution
-- SO del servidor:              Win32
-- HeidiSQL Versión:             9.5.0.5339
-- --------------------------------------------------------

/*!40101 SET @OLD_CHARACTER_SET_CLIENT=@@CHARACTER_SET_CLIENT */;
/*!40101 SET NAMES utf8 */;
/*!50503 SET NAMES utf8mb4 */;
/*!40014 SET @OLD_FOREIGN_KEY_CHECKS=@@FOREIGN_KEY_CHECKS, FOREIGN_KEY_CHECKS=0 */;
/*!40101 SET @OLD_SQL_MODE=@@SQL_MODE, SQL_MODE='NO_AUTO_VALUE_ON_ZERO' */;

-- Volcando estructura para tabla monaco.mon_categories
CREATE TABLE IF NOT EXISTS `mon_categories` (
  `id` int(11) NOT NULL AUTO_INCREMENT,
  `code` varchar(20) NOT NULL,
  `name` varchar(55) NOT NULL,
  `image` varchar(100) DEFAULT 'no_image.png',
  PRIMARY KEY (`id`)
) ENGINE=InnoDB AUTO_INCREMENT=13 DEFAULT CHARSET=utf8;

-- Volcando datos para la tabla monaco.mon_categories: ~7 rows (aproximadamente)
/*!40000 ALTER TABLE `mon_categories` DISABLE KEYS */;
INSERT INTO `mon_categories` (`id`, `code`, `name`, `image`) VALUES
	(1, 'G01', 'General', 'no_image.png'),
	(2, '123456', 'comida', 'a24d97962c3d0964a03facc4d0ab7063.jpg'),
	(3, '054', 'bebidas', '652c70f6b1149510710ad54ece8042b1.jpg'),
	(4, '540', 'postres', 'a91fa8f47c806a574881e1914d6ceabf.jpg'),
	(5, '0360', 'teléfonos', 'e3290068f26d6d86939bd9b1845cb33c.png'),
	(6, '7785', 'tabletas', '18bd10424a8d22f662b0bf7f3c698c86.png'),
	(12, '065464', 'Consolas', 'ad680c8938432254939a0d6cd5d894a0.png');
/*!40000 ALTER TABLE `mon_categories` ENABLE KEYS */;

-- Volcando estructura para tabla monaco.mon_combo_items
CREATE TABLE IF NOT EXISTS `mon_combo_items` (
  `id` int(11) NOT NULL AUTO_INCREMENT,
  `product_id` int(11) NOT NULL,
  `item_code` varchar(20) NOT NULL,
  `quantity` decimal(12,4) NOT NULL,
  `price` decimal(25,4) DEFAULT NULL,
  `cost` decimal(25,4) DEFAULT NULL,
  PRIMARY KEY (`id`)
) ENGINE=InnoDB DEFAULT CHARSET=utf8;

-- Volcando datos para la tabla monaco.mon_combo_items: ~0 rows (aproximadamente)
/*!40000 ALTER TABLE `mon_combo_items` DISABLE KEYS */;
/*!40000 ALTER TABLE `mon_combo_items` ENABLE KEYS */;

-- Volcando estructura para tabla monaco.mon_customers
CREATE TABLE IF NOT EXISTS `mon_customers` (
  `id` int(11) NOT NULL AUTO_INCREMENT,
  `name` varchar(55) NOT NULL,
  `cf1` varchar(255) NOT NULL,
  `cf2` varchar(255) NOT NULL,
  `phone` varchar(20) NOT NULL,
  `email` varchar(100) NOT NULL,
  `store_id` int(11) DEFAULT NULL,
  PRIMARY KEY (`id`)
) ENGINE=InnoDB AUTO_INCREMENT=13 DEFAULT CHARSET=utf8;

-- Volcando datos para la tabla monaco.mon_customers: ~12 rows (aproximadamente)
/*!40000 ALTER TABLE `mon_customers` DISABLE KEYS */;
INSERT INTO `mon_customers` (`id`, `name`, `cf1`, `cf2`, `phone`, `email`, `store_id`) VALUES
	(1, 'Cliente de paso', '', '', '74125894', 'cliente@cliente.com', NULL),
	(2, 'pedro', '', '', '74587964', 'pedro@gmail.com', NULL),
	(3, 'oscar', '', '', '42342423423', 'oscar@gmail.com', NULL),
	(4, 'Maria', '', '', '342423423423', 'maria@correo.com', NULL),
	(5, 'Dennis', '', '', '74587411', 'dennis@gmail.com', NULL),
	(6, 'Sonia', '', '', '74511128', 'sonia@gmail.com', NULL),
	(7, 'Lucia', '', '', '78884513', 'lucia@hotmail.com', NULL),
	(8, 'Adrian', '', '', '7654113', 'adrian@hotmail.com', NULL),
	(9, 'George', '', '', '756629854', 'georg@gmail.com', NULL),
	(10, 'Tommas', '', '', '758996541', 'tommas@gmail.com', NULL),
	(11, 'Alvaro', '', '', '784441256', 'alvaro@gmail.com', NULL),
	(12, 'Adolfo', '', '', '', 'adolfo@gmail.com', NULL);
/*!40000 ALTER TABLE `mon_customers` ENABLE KEYS */;

-- Volcando estructura para tabla monaco.mon_expenses
CREATE TABLE IF NOT EXISTS `mon_expenses` (
  `id` int(11) NOT NULL AUTO_INCREMENT,
  `date` timestamp NOT NULL DEFAULT CURRENT_TIMESTAMP,
  `reference` varchar(50) NOT NULL,
  `amount` decimal(25,4) NOT NULL,
  `note` varchar(1000) DEFAULT NULL,
  `created_by` varchar(55) NOT NULL,
  `attachment` varchar(55) DEFAULT NULL,
  `store_id` int(11) NOT NULL DEFAULT '1',
  PRIMARY KEY (`id`)
) ENGINE=InnoDB DEFAULT CHARSET=utf8;

-- Volcando datos para la tabla monaco.mon_expenses: ~0 rows (aproximadamente)
/*!40000 ALTER TABLE `mon_expenses` DISABLE KEYS */;
/*!40000 ALTER TABLE `mon_expenses` ENABLE KEYS */;

-- Volcando estructura para tabla monaco.mon_gift_cards
CREATE TABLE IF NOT EXISTS `mon_gift_cards` (
  `id` int(11) NOT NULL AUTO_INCREMENT,
  `date` timestamp NOT NULL DEFAULT CURRENT_TIMESTAMP,
  `card_no` varchar(20) NOT NULL,
  `value` decimal(25,4) NOT NULL,
  `customer_id` int(11) DEFAULT NULL,
  `balance` decimal(25,4) NOT NULL,
  `expiry` date DEFAULT NULL,
  `created_by` int(11) DEFAULT NULL,
  `store_id` int(11) DEFAULT NULL,
  PRIMARY KEY (`id`),
  UNIQUE KEY `card_no` (`card_no`)
) ENGINE=InnoDB DEFAULT CHARSET=utf8;

-- Volcando datos para la tabla monaco.mon_gift_cards: ~0 rows (aproximadamente)
/*!40000 ALTER TABLE `mon_gift_cards` DISABLE KEYS */;
/*!40000 ALTER TABLE `mon_gift_cards` ENABLE KEYS */;

-- Volcando estructura para tabla monaco.mon_groups
CREATE TABLE IF NOT EXISTS `mon_groups` (
  `id` mediumint(8) unsigned NOT NULL AUTO_INCREMENT,
  `name` varchar(20) NOT NULL,
  `description` varchar(100) NOT NULL,
  PRIMARY KEY (`id`)
) ENGINE=InnoDB AUTO_INCREMENT=3 DEFAULT CHARSET=utf8;

-- Volcando datos para la tabla monaco.mon_groups: ~2 rows (aproximadamente)
/*!40000 ALTER TABLE `mon_groups` DISABLE KEYS */;
INSERT INTO `mon_groups` (`id`, `name`, `description`) VALUES
	(1, 'admin', 'Administrator'),
	(2, 'staff', 'Staff');
/*!40000 ALTER TABLE `mon_groups` ENABLE KEYS */;

-- Volcando estructura para tabla monaco.mon_login_attempts
CREATE TABLE IF NOT EXISTS `mon_login_attempts` (
  `id` mediumint(8) unsigned NOT NULL AUTO_INCREMENT,
  `ip_address` varbinary(16) NOT NULL,
  `login` varchar(100) NOT NULL,
  `time` int(11) unsigned DEFAULT NULL,
  PRIMARY KEY (`id`)
) ENGINE=InnoDB DEFAULT CHARSET=utf8;

-- Volcando datos para la tabla monaco.mon_login_attempts: ~0 rows (aproximadamente)
/*!40000 ALTER TABLE `mon_login_attempts` DISABLE KEYS */;
/*!40000 ALTER TABLE `mon_login_attempts` ENABLE KEYS */;

-- Volcando estructura para tabla monaco.mon_payments
CREATE TABLE IF NOT EXISTS `mon_payments` (
  `id` int(11) NOT NULL AUTO_INCREMENT,
  `date` timestamp NULL DEFAULT CURRENT_TIMESTAMP,
  `sale_id` int(11) DEFAULT NULL,
  `customer_id` int(11) DEFAULT NULL,
  `transaction_id` varchar(50) DEFAULT NULL,
  `paid_by` varchar(20) NOT NULL,
  `cheque_no` varchar(20) DEFAULT NULL,
  `cc_no` varchar(20) DEFAULT NULL,
  `cc_holder` varchar(25) DEFAULT NULL,
  `cc_month` varchar(2) DEFAULT NULL,
  `cc_year` varchar(4) DEFAULT NULL,
  `cc_type` varchar(20) DEFAULT NULL,
  `amount` decimal(25,4) NOT NULL,
  `currency` varchar(3) DEFAULT NULL,
  `created_by` int(11) NOT NULL,
  `attachment` varchar(55) DEFAULT NULL,
  `note` varchar(1000) DEFAULT NULL,
  `pos_paid` decimal(25,4) DEFAULT '0.0000',
  `pos_balance` decimal(25,4) DEFAULT '0.0000',
  `gc_no` varchar(20) DEFAULT NULL,
  `reference` varchar(50) DEFAULT NULL,
  `updated_by` int(11) DEFAULT NULL,
  `updated_at` timestamp NULL DEFAULT NULL,
  `store_id` int(11) NOT NULL DEFAULT '1',
  PRIMARY KEY (`id`)
) ENGINE=InnoDB AUTO_INCREMENT=10 DEFAULT CHARSET=utf8;

-- Volcando datos para la tabla monaco.mon_payments: ~9 rows (aproximadamente)
/*!40000 ALTER TABLE `mon_payments` DISABLE KEYS */;
INSERT INTO `mon_payments` (`id`, `date`, `sale_id`, `customer_id`, `transaction_id`, `paid_by`, `cheque_no`, `cc_no`, `cc_holder`, `cc_month`, `cc_year`, `cc_type`, `amount`, `currency`, `created_by`, `attachment`, `note`, `pos_paid`, `pos_balance`, `gc_no`, `reference`, `updated_by`, `updated_at`, `store_id`) VALUES
	(1, '2018-09-06 11:58:03', 1, 1, NULL, 'cash', '', '', '', '', '', '', 210.0000, NULL, 1, NULL, '10', 210.0000, 0.0000, '', NULL, NULL, NULL, 1),
	(2, '2018-10-14 09:15:55', 2, 2, NULL, 'cash', '', '', '', '', '', '', 210.0000, NULL, 1, NULL, '', 210.0000, 0.0000, '', NULL, NULL, NULL, 1),
	(3, '2018-10-30 13:38:07', 1, 10, NULL, 'cash', '', '', '', '', '', '', 52500.0000, NULL, 1, NULL, '', 52800.0000, 300.0000, '', NULL, NULL, NULL, 1),
	(4, '2018-10-30 14:34:46', 2, 1, NULL, 'cash', '', '', '', '', '', '', 525.0000, NULL, 1, NULL, '', 525.0000, 0.0000, '', NULL, NULL, NULL, 1),
	(5, '2018-10-30 14:36:50', 3, 2, NULL, 'cash', '', '', '', '', '', '', 70.0000, NULL, 1, NULL, '', 70.0000, 0.0000, '', NULL, NULL, NULL, 1),
	(6, '2018-11-02 05:17:10', 4, 11, NULL, 'cash', '', '', '', '', '', '', 525.0000, NULL, 1, NULL, '', 525.0000, 0.0000, '', NULL, NULL, NULL, 1),
	(7, '2018-11-20 07:17:39', 5, 1, NULL, 'cash', '', '', '', '', '', '', 525.0000, NULL, 1, NULL, '', 525.0000, 0.0000, '', NULL, NULL, NULL, 2),
	(8, '2018-11-26 09:52:32', 6, 2, NULL, 'cash', '', '', '', '', '', '', 280.0000, NULL, 1, NULL, '', 280.0000, 0.0000, '', NULL, NULL, NULL, 2),
	(9, '2018-11-26 11:10:18', 7, 1, NULL, 'cash', '', '', '', '', '', '', 525.0000, NULL, 1, NULL, '', 525.0000, 0.0000, '', NULL, NULL, NULL, 2);
/*!40000 ALTER TABLE `mon_payments` ENABLE KEYS */;

-- Volcando estructura para tabla monaco.mon_printers
CREATE TABLE IF NOT EXISTS `mon_printers` (
  `id` int(11) NOT NULL AUTO_INCREMENT,
  `title` varchar(55) NOT NULL,
  `type` varchar(25) NOT NULL,
  `profile` varchar(25) NOT NULL,
  `char_per_line` tinyint(3) unsigned DEFAULT NULL,
  `path` varchar(255) DEFAULT NULL,
  `ip_address` varbinary(45) DEFAULT NULL,
  `port` varchar(10) DEFAULT NULL,
  PRIMARY KEY (`id`)
) ENGINE=InnoDB AUTO_INCREMENT=2 DEFAULT CHARSET=utf8;

-- Volcando datos para la tabla monaco.mon_printers: ~0 rows (aproximadamente)
/*!40000 ALTER TABLE `mon_printers` DISABLE KEYS */;
INSERT INTO `mon_printers` (`id`, `title`, `type`, `profile`, `char_per_line`, `path`, `ip_address`, `port`) VALUES
	(1, 'XPrinter', 'network', 'default', 45, '', _binary 0x3139322E3136382E312E323030, '9100');
/*!40000 ALTER TABLE `mon_printers` ENABLE KEYS */;

-- Volcando estructura para tabla monaco.mon_products
CREATE TABLE IF NOT EXISTS `mon_products` (
  `id` int(11) NOT NULL AUTO_INCREMENT,
  `code` varchar(50) NOT NULL,
  `name` char(255) NOT NULL,
  `category_id` int(11) NOT NULL DEFAULT '1',
  `price` decimal(25,4) NOT NULL,
  `image` varchar(255) DEFAULT 'no_image.png',
  `tax` varchar(20) DEFAULT NULL,
  `cost` decimal(25,4) DEFAULT NULL,
  `tax_method` tinyint(1) DEFAULT '1',
  `quantity` decimal(15,4) DEFAULT '0.0000',
  `barcode_symbology` varchar(20) NOT NULL DEFAULT 'code39',
  `type` varchar(20) NOT NULL DEFAULT 'standard',
  `details` text,
  `alert_quantity` decimal(10,4) DEFAULT '0.0000',
  PRIMARY KEY (`id`),
  UNIQUE KEY `code` (`code`)
) ENGINE=InnoDB AUTO_INCREMENT=23 DEFAULT CHARSET=utf8;

-- Volcando datos para la tabla monaco.mon_products: ~21 rows (aproximadamente)
/*!40000 ALTER TABLE `mon_products` DISABLE KEYS */;
INSERT INTO `mon_products` (`id`, `code`, `name`, `category_id`, `price`, `image`, `tax`, `cost`, `tax_method`, `quantity`, `barcode_symbology`, `type`, `details`, `alert_quantity`) VALUES
	(2, '5465465', 'Coca cola', 3, 50.0000, '0cd6778ba497bd1a5d84349b8963398c.jpg', '0', 10.0000, 0, 0.0000, 'code128', 'standard', '', 5.0000),
	(3, '54353532', 'hamburguesa', 2, 10.0000, '86b86e5c058e045a03f8d84c74dc5aba.jpg', '10', 8.0000, 0, 0.0000, 'code128', 'standard', '', 5.0000),
	(4, '663567', 'pizza', 2, 50.0000, '4fbdb7094b27fb70a01cc1019d725d57.jpg', '0', 20.0000, 0, 0.0000, 'code128', 'standard', '', 20.0000),
	(5, '445455333', 'galletas de chocolate', 4, 5.0000, '46730ce07a2e4d4d609bb0f558aa5dc6.jpg', '0', 2.0000, 0, 0.0000, 'code128', 'standard', '', 5.0000),
	(6, '423423', 'ipad', 6, 12.0000, '14b34cfb467f7183563a54cbe4f05b69.png', '0', 1.0000, 0, 0.0000, 'code128', 'standard', 'aaaaaaaaaaa', 3.0000),
	(7, '123', 'manzana', 2, 20.0000, 'no_image.png', '10', 5.0000, 0, 0.0000, 'code128', 'standard', '', 2.0000),
	(8, '001214', 'Televisor samsung', 1, 50000.0000, 'eac24c1631020564d7dac2056f74719e.png', '0', 2000.0000, 0, 0.0000, 'code128', 'standard', '', 10.0000),
	(9, '033654', 'Reproductor Zune', 1, 200.0000, '65b20ebf3fc8bc43ed90b40ef1c90ddf.png', '0', 100.0000, 0, 0.0000, 'code128', 'standard', '', 10.0000),
	(10, '6546412', 'Televisor BRAVIA', 1, 500.0000, '2eb578e2fac093dcd67d68b503b73162.png', '0', 200.0000, 0, 0.0000, 'code128', 'standard', '', 5.0000),
	(11, '6578454', 'CPU', 1, 2000.0000, '10f3bec34d23dffcf97a40ef1b0765be.png', '0', 100.0000, 0, 0.0000, 'code128', 'standard', '', 5.0000),
	(12, '44432', 'Micrófono', 1, 60.0000, 'da831ea29e0553606c2e4ceaf527d86a.png', '0', 50.0000, 0, 0.0000, 'code128', 'standard', '', 0.0000),
	(13, '432234234', 'Memoria RAM 8GB', 1, 4255.0000, '8541a414d1b39f68c986910f1a9df97e.png', '0', 807.0000, 0, 0.0000, 'code128', 'standard', '', 10.0000),
	(14, '345676', 'Teclado español', 1, 96441.0000, '30bc39bd2982aab1926a0e98385c9e18.png', '0', 802.0000, 0, 0.0000, 'code128', 'standard', '', 5.0000),
	(15, '345555', 'Cable de red UTP', 1, 67.0000, '42e2c6077aa12bd93166f601e81a4635.png', '5', 45.0000, 0, 0.0000, 'code128', 'standard', '', 5.0000),
	(16, '553322', 'Camara Cannon', 1, 987.0000, '9240702ed01fcb3a35dc580ac84aa020.png', '0', 67.0000, 0, 0.0000, 'code128', 'standard', '', 5.0000),
	(17, '7889932', 'Mouse inalámbrico', 1, 87.0000, '6713f03ae744a72ae4378d944bd8d447.png', '0', 44.0000, 0, 0.0000, 'code128', 'standard', '', 4.0000),
	(18, '888431', 'Monitor', 1, 900.0000, 'fd409ddac7487a7a87ec1b395e03fceb.png', '0', 800.0000, 0, 0.0000, 'code128', 'standard', '', 5.0000),
	(19, '40214', 'Galaxy SII', 5, 800.0000, 'eb3467f12b22e0372a1c231be9878c23.png', '0', 500.0000, 0, 0.0000, 'code128', 'standard', '', 5.0000),
	(20, '209874', 'HTC 5a', 5, 1000.0000, 'bf77341ce35a23fc7940d8fab139a0e5.png', '0', 900.0000, 0, 0.0000, 'code128', 'standard', '', 5.0000),
	(21, '630047', 'Iphone 6', 5, 80000.0000, '7823a1a2c0805067cadca91b8729b214.png', '0', 800.0000, 0, 0.0000, 'code128', 'standard', '', 4.0000),
	(22, '310654', 'lumia 900', 5, 1000.0000, '77322c2354d341c4187dd51d77df6afe.png', '0', 500.0000, 0, 0.0000, 'code128', 'standard', '', 5.0000);
/*!40000 ALTER TABLE `mon_products` ENABLE KEYS */;

-- Volcando estructura para tabla monaco.mon_product_store_qty
CREATE TABLE IF NOT EXISTS `mon_product_store_qty` (
  `id` int(11) NOT NULL AUTO_INCREMENT,
  `product_id` int(11) NOT NULL,
  `store_id` int(11) NOT NULL,
  `quantity` decimal(15,4) NOT NULL DEFAULT '0.0000',
  `price` decimal(25,4) DEFAULT NULL,
  PRIMARY KEY (`id`),
  KEY `product_id` (`product_id`),
  KEY `store_id` (`store_id`)
) ENGINE=InnoDB AUTO_INCREMENT=41 DEFAULT CHARSET=utf8;

-- Volcando datos para la tabla monaco.mon_product_store_qty: ~40 rows (aproximadamente)
/*!40000 ALTER TABLE `mon_product_store_qty` DISABLE KEYS */;
INSERT INTO `mon_product_store_qty` (`id`, `product_id`, `store_id`, `quantity`, `price`) VALUES
	(1, 1, 1, 3.0000, 200.0000),
	(2, 2, 1, 8.0000, 50.0000),
	(3, 3, 1, 10.0000, 10.0000),
	(4, 4, 1, 50.0000, 50.0000),
	(5, 5, 1, 100.0000, 5.0000),
	(6, 6, 1, 80.0000, 50000.0000),
	(7, 6, 2, 80.0000, 12.0000),
	(8, 7, 1, 4.0000, 0.0000),
	(9, 7, 2, 0.0000, 0.0000),
	(10, 8, 1, 109.0000, 0.0000),
	(11, 8, 2, 100.0000, 0.0000),
	(12, 9, 1, 50.0000, 0.0000),
	(13, 9, 2, 49.0000, 0.0000),
	(14, 10, 1, 48.0000, 0.0000),
	(15, 10, 2, 48.0000, 0.0000),
	(16, 11, 1, 100.0000, 0.0000),
	(17, 11, 2, 100.0000, 0.0000),
	(18, 12, 1, 50.0000, 0.0000),
	(19, 12, 2, 40.0000, 0.0000),
	(20, 13, 1, 50.0000, 0.0000),
	(21, 13, 2, 0.0000, 0.0000),
	(22, 14, 1, 50.0000, 0.0000),
	(23, 14, 2, 50.0000, 0.0000),
	(24, 15, 1, 39.0000, 0.0000),
	(25, 15, 2, 39.0000, 0.0000),
	(26, 16, 1, 100.0000, 0.0000),
	(27, 16, 2, 1000.0000, 0.0000),
	(28, 17, 1, 100.0000, 0.0000),
	(29, 17, 2, 100.0000, 0.0000),
	(30, 18, 1, 10.0000, 0.0000),
	(31, 18, 2, 10.0000, 0.0000),
	(32, 2, 2, 0.0000, 50.0000),
	(33, 19, 1, 10.0000, 0.0000),
	(34, 19, 2, 20.0000, 0.0000),
	(35, 20, 1, 20.0000, 0.0000),
	(36, 20, 2, 20.0000, 0.0000),
	(37, 21, 1, 20.0000, 0.0000),
	(38, 21, 2, 20.0000, 0.0000),
	(39, 22, 1, 10.0000, 0.0000),
	(40, 22, 2, 10.0000, 0.0000);
/*!40000 ALTER TABLE `mon_product_store_qty` ENABLE KEYS */;

-- Volcando estructura para tabla monaco.mon_purchases
CREATE TABLE IF NOT EXISTS `mon_purchases` (
  `id` int(11) NOT NULL AUTO_INCREMENT,
  `reference` varchar(55) NOT NULL,
  `date` timestamp NOT NULL DEFAULT CURRENT_TIMESTAMP,
  `note` varchar(1000) NOT NULL,
  `total` decimal(25,4) NOT NULL,
  `attachment` varchar(255) DEFAULT NULL,
  `supplier_id` int(11) DEFAULT NULL,
  `received` tinyint(1) DEFAULT NULL,
  `created_by` int(11) NOT NULL,
  `store_id` int(11) NOT NULL DEFAULT '1',
  PRIMARY KEY (`id`)
) ENGINE=InnoDB DEFAULT CHARSET=utf8;

-- Volcando datos para la tabla monaco.mon_purchases: ~0 rows (aproximadamente)
/*!40000 ALTER TABLE `mon_purchases` DISABLE KEYS */;
/*!40000 ALTER TABLE `mon_purchases` ENABLE KEYS */;

-- Volcando estructura para tabla monaco.mon_purchase_items
CREATE TABLE IF NOT EXISTS `mon_purchase_items` (
  `id` int(11) NOT NULL AUTO_INCREMENT,
  `purchase_id` int(11) NOT NULL,
  `product_id` int(11) NOT NULL,
  `quantity` decimal(15,4) NOT NULL,
  `cost` decimal(25,4) NOT NULL,
  `subtotal` decimal(25,4) NOT NULL,
  PRIMARY KEY (`id`)
) ENGINE=InnoDB DEFAULT CHARSET=utf8;

-- Volcando datos para la tabla monaco.mon_purchase_items: ~0 rows (aproximadamente)
/*!40000 ALTER TABLE `mon_purchase_items` DISABLE KEYS */;
/*!40000 ALTER TABLE `mon_purchase_items` ENABLE KEYS */;

-- Volcando estructura para tabla monaco.mon_registers
CREATE TABLE IF NOT EXISTS `mon_registers` (
  `id` int(11) NOT NULL AUTO_INCREMENT,
  `date` timestamp NOT NULL DEFAULT CURRENT_TIMESTAMP,
  `user_id` int(11) NOT NULL,
  `cash_in_hand` decimal(25,4) NOT NULL,
  `status` varchar(10) NOT NULL,
  `total_cash` decimal(25,4) DEFAULT NULL,
  `total_cheques` int(11) DEFAULT NULL,
  `total_cc_slips` int(11) DEFAULT NULL,
  `total_cash_submitted` decimal(25,4) DEFAULT NULL,
  `total_cheques_submitted` int(11) DEFAULT NULL,
  `total_cc_slips_submitted` int(11) DEFAULT NULL,
  `note` text,
  `closed_at` timestamp NULL DEFAULT NULL,
  `transfer_opened_bills` varchar(50) DEFAULT NULL,
  `closed_by` int(11) DEFAULT NULL,
  `store_id` int(11) NOT NULL DEFAULT '1',
  PRIMARY KEY (`id`)
) ENGINE=InnoDB AUTO_INCREMENT=19 DEFAULT CHARSET=utf8;

-- Volcando datos para la tabla monaco.mon_registers: ~15 rows (aproximadamente)
/*!40000 ALTER TABLE `mon_registers` DISABLE KEYS */;
INSERT INTO `mon_registers` (`id`, `date`, `user_id`, `cash_in_hand`, `status`, `total_cash`, `total_cheques`, `total_cc_slips`, `total_cash_submitted`, `total_cheques_submitted`, `total_cc_slips_submitted`, `note`, `closed_at`, `transfer_opened_bills`, `closed_by`, `store_id`) VALUES
	(1, '2018-09-06 11:54:19', 1, 100.0000, 'close', 310.0000, 0, 0, 310.0000, 0, 0, '', '2018-09-06 12:02:07', NULL, 1, 1),
	(2, '2018-09-30 11:21:35', 1, 100.0000, 'close', 310.0000, 0, 0, 310.0000, 0, 0, '', '2018-10-29 09:38:32', NULL, 1, 1),
	(3, '2018-10-29 09:39:39', 1, 100.0000, 'close', 100.0000, 0, 0, 100.0000, 0, 0, '', '2018-10-29 10:00:39', NULL, 1, 1),
	(4, '2018-10-29 10:01:43', 1, 10000.0000, 'close', 10000.0000, 0, 0, 10000.0000, 0, 0, '', '2018-10-29 10:16:45', NULL, 1, 1),
	(5, '2018-10-29 10:17:45', 1, 200.0000, 'close', 200.0000, 0, 0, 200.0000, 0, 0, '', '2018-10-29 10:17:54', NULL, 1, 1),
	(6, '2018-10-29 10:21:41', 1, 10000.0000, 'close', 10000.0000, 0, 0, 10000.0000, 0, 0, '', '2018-10-29 10:34:47', NULL, 1, 1),
	(7, '2018-10-29 10:28:12', 2, 5000.0000, 'open', NULL, NULL, NULL, NULL, NULL, NULL, NULL, NULL, NULL, NULL, 1),
	(8, '2018-10-29 10:35:31', 1, 100.0000, 'close', 100.0000, 0, 0, 1002.0000, 1, 0, '', '2018-10-29 10:44:28', NULL, 1, 2),
	(9, '2018-10-29 10:44:46', 1, 0.0000, 'close', 0.0000, 0, 0, 0.0000, 0, 0, '', '2018-10-29 10:57:08', NULL, 1, 2),
	(10, '2018-10-29 11:01:44', 1, 50.0000, 'close', 50.0000, 0, 0, 50.0000, 0, 0, '', '2018-10-29 11:12:08', NULL, 1, 2),
	(11, '2018-10-29 11:13:45', 1, 100.0000, 'close', 53195.0000, 0, 0, 53195.0000, 0, 0, '', '2018-10-31 05:36:56', NULL, 1, 1),
	(12, '2018-10-31 14:30:20', 1, 1000.0000, 'close', 1000.0000, 0, 0, 1000.0000, 0, 0, '', '2018-10-31 14:31:04', NULL, 1, 1),
	(13, '2018-11-02 04:28:42', 1, 100.0000, 'close', 625.0000, 0, 0, 625.0000, 0, 0, '', '2018-11-02 05:17:29', NULL, 1, 1),
	(14, '2018-11-05 06:52:28', 1, 100.0000, 'close', 100.0000, 0, 0, 100.0000, 0, 0, '', '2018-11-05 06:53:18', NULL, 1, 1),
	(15, '2018-11-22 03:50:20', 1, 100.0000, 'close', 100.0000, 0, 0, 100.0000, 0, 0, '', '2018-11-22 03:56:01', NULL, 1, 2),
	(16, '2018-11-20 07:17:34', 1, 299.0000, 'close', 824.0000, 0, 0, 824.0000, 0, 0, '', '2018-11-20 07:18:28', NULL, 1, 2),
	(17, '2018-11-26 09:51:37', 1, 5000.0000, 'close', 5805.0000, 0, 0, 5805.0000, 0, 0, '', '2018-11-26 11:11:14', NULL, 1, 2),
	(18, '2018-11-27 16:16:21', 1, 700.0000, 'close', 700.0000, 0, 0, 700.0000, 0, 0, '', '2018-11-27 16:27:55', NULL, 1, 2);
/*!40000 ALTER TABLE `mon_registers` ENABLE KEYS */;

-- Volcando estructura para tabla monaco.mon_sales
CREATE TABLE IF NOT EXISTS `mon_sales` (
  `id` int(11) NOT NULL AUTO_INCREMENT,
  `date` datetime NOT NULL,
  `customer_id` int(11) NOT NULL,
  `customer_name` varchar(55) NOT NULL,
  `total` decimal(25,4) NOT NULL,
  `product_discount` decimal(25,4) DEFAULT NULL,
  `order_discount_id` varchar(20) DEFAULT NULL,
  `order_discount` decimal(25,4) DEFAULT NULL,
  `total_discount` decimal(25,4) DEFAULT NULL,
  `product_tax` decimal(25,4) DEFAULT NULL,
  `order_tax_id` varchar(20) DEFAULT NULL,
  `order_tax` decimal(25,4) DEFAULT NULL,
  `total_tax` decimal(25,4) DEFAULT NULL,
  `grand_total` decimal(25,4) NOT NULL,
  `total_items` int(11) DEFAULT NULL,
  `total_quantity` decimal(15,4) DEFAULT NULL,
  `paid` decimal(25,4) DEFAULT NULL,
  `created_by` int(11) DEFAULT NULL,
  `updated_by` int(11) DEFAULT NULL,
  `updated_at` datetime DEFAULT NULL,
  `note` varchar(1000) DEFAULT NULL,
  `status` varchar(20) DEFAULT NULL,
  `rounding` decimal(10,4) DEFAULT NULL,
  `store_id` int(11) NOT NULL DEFAULT '1',
  `hold_ref` varchar(255) DEFAULT NULL,
  PRIMARY KEY (`id`)
) ENGINE=InnoDB AUTO_INCREMENT=8 DEFAULT CHARSET=utf8;

-- Volcando datos para la tabla monaco.mon_sales: ~7 rows (aproximadamente)
/*!40000 ALTER TABLE `mon_sales` DISABLE KEYS */;
INSERT INTO `mon_sales` (`id`, `date`, `customer_id`, `customer_name`, `total`, `product_discount`, `order_discount_id`, `order_discount`, `total_discount`, `product_tax`, `order_tax_id`, `order_tax`, `total_tax`, `grand_total`, `total_items`, `total_quantity`, `paid`, `created_by`, `updated_by`, `updated_at`, `note`, `status`, `rounding`, `store_id`, `hold_ref`) VALUES
	(1, '2018-10-30 18:38:07', 10, 'Tommas', 50000.0000, 0.0000, NULL, 0.0000, 0.0000, 0.0000, '5%', 2500.0000, 2500.0000, 52500.0000, 1, 1.0000, 52500.0000, 1, NULL, NULL, '', 'paid', 0.0000, 1, ''),
	(2, '2018-10-30 19:34:46', 1, 'Cliente de paso', 500.0000, 0.0000, NULL, 0.0000, 0.0000, 0.0000, '5%', 25.0000, 25.0000, 525.0000, 1, 1.0000, 525.0000, 1, NULL, NULL, '', 'paid', 0.0000, 1, ''),
	(3, '2018-10-30 19:36:50', 2, 'pedro', 63.8095, 0.0000, NULL, 0.0000, 0.0000, 3.1905, '5%', 3.3500, 6.5405, 70.3500, 1, 1.0000, 70.0000, 1, NULL, NULL, '', 'partial', 0.0000, 1, ''),
	(4, '2018-11-02 10:17:10', 11, 'Alvaro', 500.0000, 0.0000, NULL, 0.0000, 0.0000, 0.0000, '5%', 25.0000, 25.0000, 525.0000, 1, 1.0000, 525.0000, 1, NULL, NULL, '', 'paid', 0.0000, 1, ''),
	(5, '2018-11-20 12:17:39', 1, 'Cliente de paso', 500.0000, 0.0000, NULL, 0.0000, 0.0000, 0.0000, '5%', 25.0000, 25.0000, 525.0000, 1, 1.0000, 525.0000, 1, NULL, NULL, '', 'paid', 0.0000, 2, ''),
	(6, '2018-11-26 14:52:32', 2, 'pedro', 263.8095, 0.0000, NULL, 0.0000, 0.0000, 3.1905, '5%', 13.3500, 16.5405, 280.3500, 2, 2.0000, 280.0000, 1, NULL, NULL, '', 'partial', 0.0000, 2, ''),
	(7, '2018-11-26 16:10:18', 1, 'Cliente de paso', 500.0000, 0.0000, NULL, 0.0000, 0.0000, 0.0000, '5%', 25.0000, 25.0000, 525.0000, 1, 1.0000, 525.0000, 1, NULL, NULL, '', 'paid', 0.0000, 2, '');
/*!40000 ALTER TABLE `mon_sales` ENABLE KEYS */;

-- Volcando estructura para tabla monaco.mon_sale_items
CREATE TABLE IF NOT EXISTS `mon_sale_items` (
  `id` int(11) NOT NULL AUTO_INCREMENT,
  `sale_id` int(11) NOT NULL,
  `product_id` int(11) NOT NULL,
  `quantity` decimal(15,4) NOT NULL,
  `unit_price` decimal(25,4) NOT NULL,
  `net_unit_price` decimal(25,4) NOT NULL,
  `discount` varchar(20) DEFAULT NULL,
  `item_discount` decimal(25,4) DEFAULT NULL,
  `tax` int(20) DEFAULT NULL,
  `item_tax` decimal(25,4) DEFAULT NULL,
  `subtotal` decimal(25,4) NOT NULL,
  `real_unit_price` decimal(25,4) DEFAULT NULL,
  `cost` decimal(25,4) DEFAULT '0.0000',
  `product_code` varchar(50) DEFAULT NULL,
  `product_name` varchar(50) DEFAULT NULL,
  `comment` varchar(255) DEFAULT NULL,
  PRIMARY KEY (`id`)
) ENGINE=InnoDB AUTO_INCREMENT=9 DEFAULT CHARSET=utf8;

-- Volcando datos para la tabla monaco.mon_sale_items: ~7 rows (aproximadamente)
/*!40000 ALTER TABLE `mon_sale_items` DISABLE KEYS */;
INSERT INTO `mon_sale_items` (`id`, `sale_id`, `product_id`, `quantity`, `unit_price`, `net_unit_price`, `discount`, `item_discount`, `tax`, `item_tax`, `subtotal`, `real_unit_price`, `cost`, `product_code`, `product_name`, `comment`) VALUES
	(1, 1, 8, 1.0000, 50000.0000, 50000.0000, '0', 0.0000, 0, 0.0000, 50000.0000, 50000.0000, 2000.0000, '001214', 'Televisor samsung', ''),
	(2, 2, 10, 1.0000, 500.0000, 500.0000, '0', 0.0000, 0, 0.0000, 500.0000, 500.0000, 200.0000, '6546412', 'Televisor BRAVIA', ''),
	(3, 3, 15, 1.0000, 67.0000, 63.8095, '0', 0.0000, 5, 3.1905, 67.0000, 67.0000, 45.0000, '345555', 'Cable de red UTP', ''),
	(4, 4, 10, 1.0000, 500.0000, 500.0000, '0', 0.0000, 0, 0.0000, 500.0000, 500.0000, 200.0000, '6546412', 'Televisor BRAVIA', ''),
	(5, 5, 10, 1.0000, 500.0000, 500.0000, '0', 0.0000, 0, 0.0000, 500.0000, 500.0000, 200.0000, '6546412', 'Televisor BRAVIA', ''),
	(6, 6, 9, 1.0000, 200.0000, 200.0000, '0', 0.0000, 0, 0.0000, 200.0000, 200.0000, 100.0000, '033654', 'Reproductor Zune', ''),
	(7, 6, 15, 1.0000, 67.0000, 63.8095, '0', 0.0000, 5, 3.1905, 67.0000, 67.0000, 45.0000, '345555', 'Cable de red UTP', ''),
	(8, 7, 10, 1.0000, 500.0000, 500.0000, '0', 0.0000, 0, 0.0000, 500.0000, 500.0000, 200.0000, '6546412', 'Televisor BRAVIA', '');
/*!40000 ALTER TABLE `mon_sale_items` ENABLE KEYS */;

-- Volcando estructura para tabla monaco.mon_sessions
CREATE TABLE IF NOT EXISTS `mon_sessions` (
  `id` varchar(40) NOT NULL,
  `ip_address` varchar(45) NOT NULL,
  `timestamp` int(10) unsigned NOT NULL DEFAULT '0',
  `data` blob NOT NULL,
  PRIMARY KEY (`id`),
  KEY `ci_sessions_timestamp` (`timestamp`)
) ENGINE=InnoDB DEFAULT CHARSET=utf8;

-- Volcando datos para la tabla monaco.mon_sessions: ~54 rows (aproximadamente)
/*!40000 ALTER TABLE `mon_sessions` DISABLE KEYS */;
INSERT INTO `mon_sessions` (`id`, `ip_address`, `timestamp`, `data`) VALUES
	('0k2j6oeq09sjfabsufgi37eov1j49arc', '::1', 1542806533, _binary 0x5F5F63695F6C6173745F726567656E65726174657C693A313534323830363238383B6964656E746974797C733A31353A2261646D696E4061646D696E2E636F6D223B757365726E616D657C733A353A2261646D696E223B656D61696C7C733A31353A2261646D696E4061646D696E2E636F6D223B757365725F69647C733A313A2231223B66697273745F6E616D657C733A353A2241646D696E223B6C6173745F6E616D657C733A353A2241646D696E223B637265617465645F6F6E7C733A32343A22576564203234204A756E20323031352031313A353920504D223B6F6C645F6C6173745F6C6F67696E7C733A31303A2231353432373330373832223B6C6173745F69707C733A333A223A3A31223B6176617461727C733A33363A2236626235303931316636626438663363323331646136333462333766343838362E706E67223B67656E6465727C733A343A226D616C65223B67726F75705F69647C733A313A2231223B73746F72655F69647C4E3B6861735F73746F72655F69647C4E3B),
	('0uvoufbisvv4rpj0bph161k1op75mok9', '::1', 1543260624, _binary 0x5F5F63695F6C6173745F726567656E65726174657C693A313534333236303339303B6964656E746974797C733A31353A2261646D696E4061646D696E2E636F6D223B757365726E616D657C733A353A2261646D696E223B656D61696C7C733A31353A2261646D696E4061646D696E2E636F6D223B757365725F69647C733A313A2231223B66697273745F6E616D657C733A353A2241646D696E223B6C6173745F6E616D657C733A353A2241646D696E223B637265617465645F6F6E7C733A32343A22576564203234204A756E20323031352031313A353920504D223B6F6C645F6C6173745F6C6F67696E7C733A31303A2231353433323537303431223B6C6173745F69707C733A333A223A3A31223B6176617461727C733A33363A2236626235303931316636626438663363323331646136333462333766343838362E706E67223B67656E6465727C733A343A226D616C65223B67726F75705F69647C733A313A2231223B73746F72655F69647C733A313A2232223B6861735F73746F72655F69647C4E3B72656769737465725F69647C733A323A223137223B636173685F696E5F68616E647C733A393A22353030302E30303030223B72656769737465725F6F70656E5F74696D657C733A31393A22323031382D31312D32362031343A35313A3337223B),
	('135c5gdqa86l7oe5gucdmn145ufoacmg', '::1', 1543259663, _binary 0x5F5F63695F6C6173745F726567656E65726174657C693A313534333235393334363B6964656E746974797C733A31353A2261646D696E4061646D696E2E636F6D223B757365726E616D657C733A353A2261646D696E223B656D61696C7C733A31353A2261646D696E4061646D696E2E636F6D223B757365725F69647C733A313A2231223B66697273745F6E616D657C733A353A2241646D696E223B6C6173745F6E616D657C733A353A2241646D696E223B637265617465645F6F6E7C733A32343A22576564203234204A756E20323031352031313A353920504D223B6F6C645F6C6173745F6C6F67696E7C733A31303A2231353432383035323536223B6C6173745F69707C733A333A223A3A31223B6176617461727C733A33363A2236626235303931316636626438663363323331646136333462333766343838362E706E67223B67656E6465727C733A343A226D616C65223B67726F75705F69647C733A313A2231223B73746F72655F69647C733A313A2232223B6861735F73746F72655F69647C4E3B72656769737465725F69647C733A323A223137223B636173685F696E5F68616E647C733A393A22353030302E30303030223B72656769737465725F6F70656E5F74696D657C733A31393A22323031382D31312D32362031343A35313A3337223B),
	('188mfii4f1dkjdmao60lslgaipcj4m9o', '127.0.0.1', 1542890909, _binary 0x5F5F63695F6C6173745F726567656E65726174657C693A313534323839303730363B6964656E746974797C733A31353A2261646D696E4061646D696E2E636F6D223B757365726E616D657C733A353A2261646D696E223B656D61696C7C733A31353A2261646D696E4061646D696E2E636F6D223B757365725F69647C733A313A2231223B66697273745F6E616D657C733A353A2241646D696E223B6C6173745F6E616D657C733A353A2241646D696E223B637265617465645F6F6E7C733A32343A22576564203234204A756E20323031352031313A353920504D223B6F6C645F6C6173745F6C6F67696E7C733A31303A2231353431393437313335223B6C6173745F69707C733A393A223132372E302E302E31223B6176617461727C733A33363A2236626235303931316636626438663363323331646136333462333766343838362E706E67223B67656E6465727C733A343A226D616C65223B67726F75705F69647C733A313A2231223B73746F72655F69647C4E3B6861735F73746F72655F69647C4E3B),
	('1lgp0l3ltntirgglgpu5tk0smk0qiol1', '::1', 1543410016, _binary 0x5F5F63695F6C6173745F726567656E65726174657C693A313534333431303030373B),
	('22ar48b9mikah87cfdhqg8iqiopegvv9', '::1', 1543257326, _binary 0x5F5F63695F6C6173745F726567656E65726174657C693A313534333235373033363B6964656E746974797C733A31353A2261646D696E4061646D696E2E636F6D223B757365726E616D657C733A353A2261646D696E223B656D61696C7C733A31353A2261646D696E4061646D696E2E636F6D223B757365725F69647C733A313A2231223B66697273745F6E616D657C733A353A2241646D696E223B6C6173745F6E616D657C733A353A2241646D696E223B637265617465645F6F6E7C733A32343A22576564203234204A756E20323031352031313A353920504D223B6F6C645F6C6173745F6C6F67696E7C733A31303A2231353432383035323536223B6C6173745F69707C733A333A223A3A31223B6176617461727C733A33363A2236626235303931316636626438663363323331646136333462333766343838362E706E67223B67656E6465727C733A343A226D616C65223B67726F75705F69647C733A313A2231223B73746F72655F69647C4E3B6861735F73746F72655F69647C4E3B),
	('2agjodpuloiq8sb8pncik2ll603q4iej', '127.0.0.1', 1542890306, _binary 0x5F5F63695F6C6173745F726567656E65726174657C693A313534323839303038353B6964656E746974797C733A31353A2261646D696E4061646D696E2E636F6D223B757365726E616D657C733A353A2261646D696E223B656D61696C7C733A31353A2261646D696E4061646D696E2E636F6D223B757365725F69647C733A313A2231223B66697273745F6E616D657C733A353A2241646D696E223B6C6173745F6E616D657C733A353A2241646D696E223B637265617465645F6F6E7C733A32343A22576564203234204A756E20323031352031313A353920504D223B6F6C645F6C6173745F6C6F67696E7C733A31303A2231353431393437313335223B6C6173745F69707C733A393A223132372E302E302E31223B6176617461727C733A33363A2236626235303931316636626438663363323331646136333462333766343838362E706E67223B67656E6465727C733A343A226D616C65223B67726F75705F69647C733A313A2231223B73746F72655F69647C4E3B6861735F73746F72655F69647C4E3B6D6573736167657C733A33373A223C703E53657369C3B36E20696E69636961646120636F7272656374616D656E74653C2F703E223B5F5F63695F766172737C613A313A7B733A373A226D657373616765223B733A333A226F6C64223B7D),
	('3m52305qccl8gkqfv2tpahoafl6uhltl', '::1', 1543351796, _binary 0x5F5F63695F6C6173745F726567656E65726174657C693A313534333335313739363B),
	('52nreq4391kru2i89dvc5b2admmv2l30', '::1', 1543259909, _binary 0x5F5F63695F6C6173745F726567656E65726174657C693A313534333235393833393B6964656E746974797C733A31353A2261646D696E4061646D696E2E636F6D223B757365726E616D657C733A353A2261646D696E223B656D61696C7C733A31353A2261646D696E4061646D696E2E636F6D223B757365725F69647C733A313A2231223B66697273745F6E616D657C733A353A2241646D696E223B6C6173745F6E616D657C733A353A2241646D696E223B637265617465645F6F6E7C733A32343A22576564203234204A756E20323031352031313A353920504D223B6F6C645F6C6173745F6C6F67696E7C733A31303A2231353432383035323536223B6C6173745F69707C733A333A223A3A31223B6176617461727C733A33363A2236626235303931316636626438663363323331646136333462333766343838362E706E67223B67656E6465727C733A343A226D616C65223B67726F75705F69647C733A313A2231223B73746F72655F69647C733A313A2232223B6861735F73746F72655F69647C4E3B72656769737465725F69647C733A323A223137223B636173685F696E5F68616E647C733A393A22353030302E30303030223B72656769737465725F6F70656E5F74696D657C733A31393A22323031382D31312D32362031343A35313A3337223B),
	('55r66uvvvlbc2i3hpnfv4hvmm7krs4ki', '::1', 1543257419, _binary 0x5F5F63695F6C6173745F726567656E65726174657C693A313534333235373336323B6964656E746974797C733A31353A2261646D696E4061646D696E2E636F6D223B757365726E616D657C733A353A2261646D696E223B656D61696C7C733A31353A2261646D696E4061646D696E2E636F6D223B757365725F69647C733A313A2231223B66697273745F6E616D657C733A353A2241646D696E223B6C6173745F6E616D657C733A353A2241646D696E223B637265617465645F6F6E7C733A32343A22576564203234204A756E20323031352031313A353920504D223B6F6C645F6C6173745F6C6F67696E7C733A31303A2231353432383035323536223B6C6173745F69707C733A333A223A3A31223B6176617461727C733A33363A2236626235303931316636626438663363323331646136333462333766343838362E706E67223B67656E6465727C733A343A226D616C65223B67726F75705F69647C733A313A2231223B73746F72655F69647C4E3B6861735F73746F72655F69647C4E3B),
	('596h75bmhoqgcbd57q8mlo5jdltkj7b3', '::1', 1543263019, _binary 0x5F5F63695F6C6173745F726567656E65726174657C693A313534333236323733383B6964656E746974797C733A31353A2261646D696E4061646D696E2E636F6D223B757365726E616D657C733A353A2261646D696E223B656D61696C7C733A31353A2261646D696E4061646D696E2E636F6D223B757365725F69647C733A313A2231223B66697273745F6E616D657C733A353A2241646D696E223B6C6173745F6E616D657C733A353A2241646D696E223B637265617465645F6F6E7C733A32343A22576564203234204A756E20323031352031313A353920504D223B6F6C645F6C6173745F6C6F67696E7C733A31303A2231353433323537303431223B6C6173745F69707C733A333A223A3A31223B6176617461727C733A33363A2236626235303931316636626438663363323331646136333462333766343838362E706E67223B67656E6465727C733A343A226D616C65223B67726F75705F69647C733A313A2231223B73746F72655F69647C733A313A2232223B6861735F73746F72655F69647C4E3B72656769737465725F69647C733A323A223137223B636173685F696E5F68616E647C733A393A22353030302E30303030223B72656769737465725F6F70656E5F74696D657C733A31393A22323031382D31312D32362031343A35313A3337223B726D73706F737C693A313B6D6573736167657C733A32383A2256656E74612061C3B1616469646F20636F7272656374616D656E7465223B5F5F63695F766172737C613A313A7B733A373A226D657373616765223B733A333A226F6C64223B7D),
	('5krv2g784k9migvms9sag6bn0jti0jv5', '::1', 1543351038, _binary 0x5F5F63695F6C6173745F726567656E65726174657C693A313534333335303738373B6964656E746974797C733A31353A2261646D696E4061646D696E2E636F6D223B757365726E616D657C733A353A2261646D696E223B656D61696C7C733A31353A2261646D696E4061646D696E2E636F6D223B757365725F69647C733A313A2231223B66697273745F6E616D657C733A353A2241646D696E223B6C6173745F6E616D657C733A353A2241646D696E223B637265617465645F6F6E7C733A32343A22576564203234204A756E20323031352031313A353920504D223B6F6C645F6C6173745F6C6F67696E7C733A31303A2231353433333439363433223B6C6173745F69707C733A333A223A3A31223B6176617461727C733A33363A2236626235303931316636626438663363323331646136333462333766343838362E706E67223B67656E6465727C733A343A226D616C65223B67726F75705F69647C733A313A2231223B73746F72655F69647C4E3B6861735F73746F72655F69647C4E3B),
	('5ng6mc0l46m0cguasbhk93a8j95ad2c5', '::1', 1543262413, _binary 0x5F5F63695F6C6173745F726567656E65726174657C693A313534333236323336373B6964656E746974797C733A31353A2261646D696E4061646D696E2E636F6D223B757365726E616D657C733A353A2261646D696E223B656D61696C7C733A31353A2261646D696E4061646D696E2E636F6D223B757365725F69647C733A313A2231223B66697273745F6E616D657C733A353A2241646D696E223B6C6173745F6E616D657C733A353A2241646D696E223B637265617465645F6F6E7C733A32343A22576564203234204A756E20323031352031313A353920504D223B6F6C645F6C6173745F6C6F67696E7C733A31303A2231353432383035323536223B6C6173745F69707C733A333A223A3A31223B6176617461727C733A33363A2236626235303931316636626438663363323331646136333462333766343838362E706E67223B67656E6465727C733A343A226D616C65223B67726F75705F69647C733A313A2231223B73746F72655F69647C733A313A2232223B6861735F73746F72655F69647C4E3B72656769737465725F69647C733A323A223137223B636173685F696E5F68616E647C733A393A22353030302E30303030223B72656769737465725F6F70656E5F74696D657C733A31393A22323031382D31312D32362031343A35313A3337223B),
	('5octb3tbbtijuoojg20gqf98ak2se7m9', '::1', 1543345953, _binary 0x5F5F63695F6C6173745F726567656E65726174657C693A313534333334353734353B6964656E746974797C733A31353A2261646D696E4061646D696E2E636F6D223B757365726E616D657C733A353A2261646D696E223B656D61696C7C733A31353A2261646D696E4061646D696E2E636F6D223B757365725F69647C733A313A2231223B66697273745F6E616D657C733A353A2241646D696E223B6C6173745F6E616D657C733A353A2241646D696E223B637265617465645F6F6E7C733A32343A22576564203234204A756E20323031352031313A353920504D223B6F6C645F6C6173745F6C6F67696E7C733A31303A2231353433323630313936223B6C6173745F69707C733A333A223A3A31223B6176617461727C733A33363A2236626235303931316636626438663363323331646136333462333766343838362E706E67223B67656E6465727C733A343A226D616C65223B67726F75705F69647C733A313A2231223B73746F72655F69647C4E3B6861735F73746F72655F69647C4E3B),
	('5t07i6odtjh9o8pcg78084fbp9unicu9', '::1', 1543344687, _binary 0x5F5F63695F6C6173745F726567656E65726174657C693A313534333334343530363B6964656E746974797C733A31353A2261646D696E4061646D696E2E636F6D223B757365726E616D657C733A353A2261646D696E223B656D61696C7C733A31353A2261646D696E4061646D696E2E636F6D223B757365725F69647C733A313A2231223B66697273745F6E616D657C733A353A2241646D696E223B6C6173745F6E616D657C733A353A2241646D696E223B637265617465645F6F6E7C733A32343A22576564203234204A756E20323031352031313A353920504D223B6F6C645F6C6173745F6C6F67696E7C733A31303A2231353433323630313936223B6C6173745F69707C733A333A223A3A31223B6176617461727C733A33363A2236626235303931316636626438663363323331646136333462333766343838362E706E67223B67656E6465727C733A343A226D616C65223B67726F75705F69647C733A313A2231223B73746F72655F69647C4E3B6861735F73746F72655F69647C4E3B),
	('763ebo66ff1h4p53ho3v57tp7b5k2ds1', '::1', 1543260362, _binary 0x5F5F63695F6C6173745F726567656E65726174657C693A313534333236303037373B6964656E746974797C733A31353A2261646D696E4061646D696E2E636F6D223B757365726E616D657C733A353A2261646D696E223B656D61696C7C733A31353A2261646D696E4061646D696E2E636F6D223B757365725F69647C733A313A2231223B66697273745F6E616D657C733A353A2241646D696E223B6C6173745F6E616D657C733A353A2241646D696E223B637265617465645F6F6E7C733A32343A22576564203234204A756E20323031352031313A353920504D223B6F6C645F6C6173745F6C6F67696E7C733A31303A2231353433323537303431223B6C6173745F69707C733A333A223A3A31223B6176617461727C733A33363A2236626235303931316636626438663363323331646136333462333766343838362E706E67223B67656E6465727C733A343A226D616C65223B67726F75705F69647C733A313A2231223B73746F72655F69647C733A313A2232223B6861735F73746F72655F69647C4E3B72656769737465725F69647C733A323A223137223B636173685F696E5F68616E647C733A393A22353030302E30303030223B72656769737465725F6F70656E5F74696D657C733A31393A22323031382D31312D32362031343A35313A3337223B6D6573736167657C733A34303A22436F6E6669677572616369C3B36E2061637475616C697A61646120636F7272656374616D656E7465223B5F5F63695F766172737C613A313A7B733A373A226D657373616765223B733A333A226F6C64223B7D),
	('93ph7ugcret4e45ncflf9qnrnbjtlifr', '::1', 1543346407, _binary 0x5F5F63695F6C6173745F726567656E65726174657C693A313534333334363130393B6964656E746974797C733A31353A2261646D696E4061646D696E2E636F6D223B757365726E616D657C733A353A2261646D696E223B656D61696C7C733A31353A2261646D696E4061646D696E2E636F6D223B757365725F69647C733A313A2231223B66697273745F6E616D657C733A353A2241646D696E223B6C6173745F6E616D657C733A353A2241646D696E223B637265617465645F6F6E7C733A32343A22576564203234204A756E20323031352031313A353920504D223B6F6C645F6C6173745F6C6F67696E7C733A31303A2231353433323630313936223B6C6173745F69707C733A333A223A3A31223B6176617461727C733A33363A2236626235303931316636626438663363323331646136333462333766343838362E706E67223B67656E6465727C733A343A226D616C65223B67726F75705F69647C733A313A2231223B73746F72655F69647C4E3B6861735F73746F72655F69647C4E3B),
	('9jekgmu9nn0ten0or13got6tu5v26nfe', '::1', 1543257975, _binary 0x5F5F63695F6C6173745F726567656E65726174657C693A313534333235373637353B6964656E746974797C733A31353A2261646D696E4061646D696E2E636F6D223B757365726E616D657C733A353A2261646D696E223B656D61696C7C733A31353A2261646D696E4061646D696E2E636F6D223B757365725F69647C733A313A2231223B66697273745F6E616D657C733A353A2241646D696E223B6C6173745F6E616D657C733A353A2241646D696E223B637265617465645F6F6E7C733A32343A22576564203234204A756E20323031352031313A353920504D223B6F6C645F6C6173745F6C6F67696E7C733A31303A2231353432383035323536223B6C6173745F69707C733A333A223A3A31223B6176617461727C733A33363A2236626235303931316636626438663363323331646136333462333766343838362E706E67223B67656E6465727C733A343A226D616C65223B67726F75705F69647C733A313A2231223B73746F72655F69647C4E3B6861735F73746F72655F69647C4E3B),
	('actvorcijdjm5qbhv5qk68h112hvr3rj', '::1', 1543350480, _binary 0x5F5F63695F6C6173745F726567656E65726174657C693A313534333335303438303B),
	('adnbrnuoirp2sco64tbmroc413h4cmfj', '127.0.0.1', 1542891361, _binary 0x5F5F63695F6C6173745F726567656E65726174657C693A313534323839313332313B6964656E746974797C733A31353A2261646D696E4061646D696E2E636F6D223B757365726E616D657C733A353A2261646D696E223B656D61696C7C733A31353A2261646D696E4061646D696E2E636F6D223B757365725F69647C733A313A2231223B66697273745F6E616D657C733A353A2241646D696E223B6C6173745F6E616D657C733A353A2241646D696E223B637265617465645F6F6E7C733A32343A22576564203234204A756E20323031352031313A353920504D223B6F6C645F6C6173745F6C6F67696E7C733A31303A2231353431393437313335223B6C6173745F69707C733A393A223132372E302E302E31223B6176617461727C733A33363A2236626235303931316636626438663363323331646136333462333766343838362E706E67223B67656E6465727C733A343A226D616C65223B67726F75705F69647C733A313A2231223B73746F72655F69647C733A313A2232223B6861735F73746F72655F69647C4E3B6D6573736167657C733A33313A22526567697374726172206365727261646F20636F7272656374616D656E7465223B5F5F63695F766172737C613A313A7B733A373A226D657373616765223B733A333A226F6C64223B7D),
	('b5nmn24p4pqeac4tav910so42kt9plp5', '::1', 1543343724, _binary 0x5F5F63695F6C6173745F726567656E65726174657C693A313534333334333434383B6964656E746974797C733A31353A2261646D696E4061646D696E2E636F6D223B757365726E616D657C733A353A2261646D696E223B656D61696C7C733A31353A2261646D696E4061646D696E2E636F6D223B757365725F69647C733A313A2231223B66697273745F6E616D657C733A353A2241646D696E223B6C6173745F6E616D657C733A353A2241646D696E223B637265617465645F6F6E7C733A32343A22576564203234204A756E20323031352031313A353920504D223B6F6C645F6C6173745F6C6F67696E7C733A31303A2231353433323630313936223B6C6173745F69707C733A333A223A3A31223B6176617461727C733A33363A2236626235303931316636626438663363323331646136333462333766343838362E706E67223B67656E6465727C733A343A226D616C65223B67726F75705F69647C733A313A2231223B73746F72655F69647C4E3B6861735F73746F72655F69647C4E3B),
	('batm9l0andcp0rptp1qjr65iirp0novc', '::1', 1543348039, _binary 0x5F5F63695F6C6173745F726567656E65726174657C693A313534333334373934373B6964656E746974797C733A31353A2261646D696E4061646D696E2E636F6D223B757365726E616D657C733A353A2261646D696E223B656D61696C7C733A31353A2261646D696E4061646D696E2E636F6D223B757365725F69647C733A313A2231223B66697273745F6E616D657C733A353A2241646D696E223B6C6173745F6E616D657C733A353A2241646D696E223B637265617465645F6F6E7C733A32343A22576564203234204A756E20323031352031313A353920504D223B6F6C645F6C6173745F6C6F67696E7C733A31303A2231353433323630313936223B6C6173745F69707C733A333A223A3A31223B6176617461727C733A33363A2236626235303931316636626438663363323331646136333462333766343838362E706E67223B67656E6465727C733A343A226D616C65223B67726F75705F69647C733A313A2231223B73746F72655F69647C4E3B6861735F73746F72655F69647C4E3B),
	('bsjupk05i1ekjfor0hbac3rge6fkjt22', '::1', 1543349152, _binary 0x5F5F63695F6C6173745F726567656E65726174657C693A313534333334383838363B6964656E746974797C733A31353A2261646D696E4061646D696E2E636F6D223B757365726E616D657C733A353A2261646D696E223B656D61696C7C733A31353A2261646D696E4061646D696E2E636F6D223B757365725F69647C733A313A2231223B66697273745F6E616D657C733A353A2241646D696E223B6C6173745F6E616D657C733A353A2241646D696E223B637265617465645F6F6E7C733A32343A22576564203234204A756E20323031352031313A353920504D223B6F6C645F6C6173745F6C6F67696E7C733A31303A2231353433323630313936223B6C6173745F69707C733A333A223A3A31223B6176617461727C733A33363A2236626235303931316636626438663363323331646136333462333766343838362E706E67223B67656E6465727C733A343A226D616C65223B67726F75705F69647C733A313A2231223B73746F72655F69647C4E3B6861735F73746F72655F69647C4E3B),
	('c90348i9f1g0vf8vmhe7moaa6m4bguab', '127.0.0.1', 1542891252, _binary 0x5F5F63695F6C6173745F726567656E65726174657C693A313534323839313031303B6964656E746974797C733A31353A2261646D696E4061646D696E2E636F6D223B757365726E616D657C733A353A2261646D696E223B656D61696C7C733A31353A2261646D696E4061646D696E2E636F6D223B757365725F69647C733A313A2231223B66697273745F6E616D657C733A353A2241646D696E223B6C6173745F6E616D657C733A353A2241646D696E223B637265617465645F6F6E7C733A32343A22576564203234204A756E20323031352031313A353920504D223B6F6C645F6C6173745F6C6F67696E7C733A31303A2231353431393437313335223B6C6173745F69707C733A393A223132372E302E302E31223B6176617461727C733A33363A2236626235303931316636626438663363323331646136333462333766343838362E706E67223B67656E6465727C733A343A226D616C65223B67726F75705F69647C733A313A2231223B73746F72655F69647C733A313A2232223B6861735F73746F72655F69647C4E3B72656769737465725F69647C733A323A223135223B636173685F696E5F68616E647C733A383A223130302E30303030223B72656769737465725F6F70656E5F74696D657C733A31393A22323031382D31312D32322030383A35303A3230223B),
	('cboj36nc0fbasqu83e7qtnf16ric9a3a', '::1', 1543349827, _binary 0x5F5F63695F6C6173745F726567656E65726174657C693A313534333334393632373B6964656E746974797C733A31353A2261646D696E4061646D696E2E636F6D223B757365726E616D657C733A353A2261646D696E223B656D61696C7C733A31353A2261646D696E4061646D696E2E636F6D223B757365725F69647C733A313A2231223B66697273745F6E616D657C733A353A2241646D696E223B6C6173745F6E616D657C733A353A2241646D696E223B637265617465645F6F6E7C733A32343A22576564203234204A756E20323031352031313A353920504D223B6F6C645F6C6173745F6C6F67696E7C733A31303A2231353433333431343831223B6C6173745F69707C733A333A223A3A31223B6176617461727C733A33363A2236626235303931316636626438663363323331646136333462333766343838362E706E67223B67656E6465727C733A343A226D616C65223B67726F75705F69647C733A313A2231223B73746F72655F69647C733A313A2232223B6861735F73746F72655F69647C4E3B72656769737465725F69647C733A323A223138223B636173685F696E5F68616E647C733A383A223730302E30303030223B72656769737465725F6F70656E5F74696D657C733A31393A22323031382D31312D32372031363A31363A3231223B),
	('cg12coht3qp0h2hjlpc9qqijm86i5l67', '::1', 1543347348, _binary 0x5F5F63695F6C6173745F726567656E65726174657C693A313534333334373035343B6964656E746974797C733A31353A2261646D696E4061646D696E2E636F6D223B757365726E616D657C733A353A2261646D696E223B656D61696C7C733A31353A2261646D696E4061646D696E2E636F6D223B757365725F69647C733A313A2231223B66697273745F6E616D657C733A353A2241646D696E223B6C6173745F6E616D657C733A353A2241646D696E223B637265617465645F6F6E7C733A32343A22576564203234204A756E20323031352031313A353920504D223B6F6C645F6C6173745F6C6F67696E7C733A31303A2231353433323630313936223B6C6173745F69707C733A333A223A3A31223B6176617461727C733A33363A2236626235303931316636626438663363323331646136333462333766343838362E706E67223B67656E6465727C733A343A226D616C65223B67726F75705F69647C733A313A2231223B73746F72655F69647C4E3B6861735F73746F72655F69647C4E3B),
	('d79oif57ttumf0dcj2ec4442ffgjp6pe', '::1', 1543342727, _binary 0x5F5F63695F6C6173745F726567656E65726174657C693A313534333334323732373B6964656E746974797C733A31353A2261646D696E4061646D696E2E636F6D223B757365726E616D657C733A353A2261646D696E223B656D61696C7C733A31353A2261646D696E4061646D696E2E636F6D223B757365725F69647C733A313A2231223B66697273745F6E616D657C733A353A2241646D696E223B6C6173745F6E616D657C733A353A2241646D696E223B637265617465645F6F6E7C733A32343A22576564203234204A756E20323031352031313A353920504D223B6F6C645F6C6173745F6C6F67696E7C733A31303A2231353433323630313936223B6C6173745F69707C733A333A223A3A31223B6176617461727C733A33363A2236626235303931316636626438663363323331646136333462333766343838362E706E67223B67656E6465727C733A343A226D616C65223B67726F75705F69647C733A313A2231223B73746F72655F69647C4E3B6861735F73746F72655F69647C4E3B),
	('d9l9203nuipsq406et7mgugs9hec6hip', '::1', 1543347658, _binary 0x5F5F63695F6C6173745F726567656E65726174657C693A313534333334373437383B6964656E746974797C733A31353A2261646D696E4061646D696E2E636F6D223B757365726E616D657C733A353A2261646D696E223B656D61696C7C733A31353A2261646D696E4061646D696E2E636F6D223B757365725F69647C733A313A2231223B66697273745F6E616D657C733A353A2241646D696E223B6C6173745F6E616D657C733A353A2241646D696E223B637265617465645F6F6E7C733A32343A22576564203234204A756E20323031352031313A353920504D223B6F6C645F6C6173745F6C6F67696E7C733A31303A2231353433323630313936223B6C6173745F69707C733A333A223A3A31223B6176617461727C733A33363A2236626235303931316636626438663363323331646136333462333766343838362E706E67223B67656E6465727C733A343A226D616C65223B67726F75705F69647C733A313A2231223B73746F72655F69647C4E3B6861735F73746F72655F69647C4E3B),
	('dfb9dm42j4hpmi6g3ldclm328d4e7hnt', '::1', 1543346689, _binary 0x5F5F63695F6C6173745F726567656E65726174657C693A313534333334363432323B6964656E746974797C733A31353A2261646D696E4061646D696E2E636F6D223B757365726E616D657C733A353A2261646D696E223B656D61696C7C733A31353A2261646D696E4061646D696E2E636F6D223B757365725F69647C733A313A2231223B66697273745F6E616D657C733A353A2241646D696E223B6C6173745F6E616D657C733A353A2241646D696E223B637265617465645F6F6E7C733A32343A22576564203234204A756E20323031352031313A353920504D223B6F6C645F6C6173745F6C6F67696E7C733A31303A2231353433323630313936223B6C6173745F69707C733A333A223A3A31223B6176617461727C733A33363A2236626235303931316636626438663363323331646136333462333766343838362E706E67223B67656E6465727C733A343A226D616C65223B67726F75705F69647C733A313A2231223B73746F72655F69647C4E3B6861735F73746F72655F69647C4E3B),
	('dp52r9h91opi0d6gkduu0gcrtjupctq4', '::1', 1543345298, _binary 0x5F5F63695F6C6173745F726567656E65726174657C693A313534333334353036323B6964656E746974797C733A31353A2261646D696E4061646D696E2E636F6D223B757365726E616D657C733A353A2261646D696E223B656D61696C7C733A31353A2261646D696E4061646D696E2E636F6D223B757365725F69647C733A313A2231223B66697273745F6E616D657C733A353A2241646D696E223B6C6173745F6E616D657C733A353A2241646D696E223B637265617465645F6F6E7C733A32343A22576564203234204A756E20323031352031313A353920504D223B6F6C645F6C6173745F6C6F67696E7C733A31303A2231353433323630313936223B6C6173745F69707C733A333A223A3A31223B6176617461727C733A33363A2236626235303931316636626438663363323331646136333462333766343838362E706E67223B67656E6465727C733A343A226D616C65223B67726F75705F69647C733A313A2231223B73746F72655F69647C4E3B6861735F73746F72655F69647C4E3B),
	('dt2k6bpm2emqdmankdn80f5nrqoeao57', '::1', 1542806776, _binary 0x5F5F63695F6C6173745F726567656E65726174657C693A313534323830363635303B6964656E746974797C733A31353A2261646D696E4061646D696E2E636F6D223B757365726E616D657C733A353A2261646D696E223B656D61696C7C733A31353A2261646D696E4061646D696E2E636F6D223B757365725F69647C733A313A2231223B66697273745F6E616D657C733A353A2241646D696E223B6C6173745F6E616D657C733A353A2241646D696E223B637265617465645F6F6E7C733A32343A22576564203234204A756E20323031352031313A353920504D223B6F6C645F6C6173745F6C6F67696E7C733A31303A2231353432373330373832223B6C6173745F69707C733A333A223A3A31223B6176617461727C733A33363A2236626235303931316636626438663363323331646136333462333766343838362E706E67223B67656E6465727C733A343A226D616C65223B67726F75705F69647C733A313A2231223B73746F72655F69647C4E3B6861735F73746F72655F69647C4E3B),
	('fp313n08g1b8m6vbhftnr2eqslbnci8p', '::1', 1543342047, _binary 0x5F5F63695F6C6173745F726567656E65726174657C693A313534333334313835383B6964656E746974797C733A31353A2261646D696E4061646D696E2E636F6D223B757365726E616D657C733A353A2261646D696E223B656D61696C7C733A31353A2261646D696E4061646D696E2E636F6D223B757365725F69647C733A313A2231223B66697273745F6E616D657C733A353A2241646D696E223B6C6173745F6E616D657C733A353A2241646D696E223B637265617465645F6F6E7C733A32343A22576564203234204A756E20323031352031313A353920504D223B6F6C645F6C6173745F6C6F67696E7C733A31303A2231353433323630313936223B6C6173745F69707C733A333A223A3A31223B6176617461727C733A33363A2236626235303931316636626438663363323331646136333462333766343838362E706E67223B67656E6465727C733A343A226D616C65223B67726F75705F69647C733A313A2231223B73746F72655F69647C4E3B6861735F73746F72655F69647C4E3B6D6573736167657C733A34303A22436F6E6669677572616369C3B36E2061637475616C697A61646120636F7272656374616D656E7465223B5F5F63695F766172737C613A313A7B733A373A226D657373616765223B733A333A226F6C64223B7D),
	('fqp56otv8s00s8738sn62unl69t16cpj', '::1', 1543345392, _binary 0x5F5F63695F6C6173745F726567656E65726174657C693A313534333334353337353B6964656E746974797C733A31353A2261646D696E4061646D696E2E636F6D223B757365726E616D657C733A353A2261646D696E223B656D61696C7C733A31353A2261646D696E4061646D696E2E636F6D223B757365725F69647C733A313A2231223B66697273745F6E616D657C733A353A2241646D696E223B6C6173745F6E616D657C733A353A2241646D696E223B637265617465645F6F6E7C733A32343A22576564203234204A756E20323031352031313A353920504D223B6F6C645F6C6173745F6C6F67696E7C733A31303A2231353433323630313936223B6C6173745F69707C733A333A223A3A31223B6176617461727C733A33363A2236626235303931316636626438663363323331646136333462333766343838362E706E67223B67656E6465727C733A343A226D616C65223B67726F75705F69647C733A313A2231223B73746F72655F69647C4E3B6861735F73746F72655F69647C4E3B),
	('hganr8jd44efoskou7bvrkn06p9tnlhl', '::1', 1543346885, _binary 0x5F5F63695F6C6173745F726567656E65726174657C693A313534333334363734303B6964656E746974797C733A31353A2261646D696E4061646D696E2E636F6D223B757365726E616D657C733A353A2261646D696E223B656D61696C7C733A31353A2261646D696E4061646D696E2E636F6D223B757365725F69647C733A313A2231223B66697273745F6E616D657C733A353A2241646D696E223B6C6173745F6E616D657C733A353A2241646D696E223B637265617465645F6F6E7C733A32343A22576564203234204A756E20323031352031313A353920504D223B6F6C645F6C6173745F6C6F67696E7C733A31303A2231353433323630313936223B6C6173745F69707C733A333A223A3A31223B6176617461727C733A33363A2236626235303931316636626438663363323331646136333462333766343838362E706E67223B67656E6465727C733A343A226D616C65223B67726F75705F69647C733A313A2231223B73746F72655F69647C4E3B6861735F73746F72655F69647C4E3B),
	('jh97dlo5f0ob95jnqgbcrb66eme51rll', '::1', 1543260847, _binary 0x5F5F63695F6C6173745F726567656E65726174657C693A313534333236303833303B6964656E746974797C733A31353A2261646D696E4061646D696E2E636F6D223B757365726E616D657C733A353A2261646D696E223B656D61696C7C733A31353A2261646D696E4061646D696E2E636F6D223B757365725F69647C733A313A2231223B66697273745F6E616D657C733A353A2241646D696E223B6C6173745F6E616D657C733A353A2241646D696E223B637265617465645F6F6E7C733A32343A22576564203234204A756E20323031352031313A353920504D223B6F6C645F6C6173745F6C6F67696E7C733A31303A2231353433323537303431223B6C6173745F69707C733A333A223A3A31223B6176617461727C733A33363A2236626235303931316636626438663363323331646136333462333766343838362E706E67223B67656E6465727C733A343A226D616C65223B67726F75705F69647C733A313A2231223B73746F72655F69647C733A313A2232223B6861735F73746F72655F69647C4E3B72656769737465725F69647C733A323A223137223B636173685F696E5F68616E647C733A393A22353030302E30303030223B72656769737465725F6F70656E5F74696D657C733A31393A22323031382D31312D32362031343A35313A3337223B),
	('jk66nr540gd2fnmmof5q0j1pp1sqq5d2', '::1', 1543262713, _binary 0x5F5F63695F6C6173745F726567656E65726174657C693A313534333236323432343B6964656E746974797C733A31353A2261646D696E4061646D696E2E636F6D223B757365726E616D657C733A353A2261646D696E223B656D61696C7C733A31353A2261646D696E4061646D696E2E636F6D223B757365725F69647C733A313A2231223B66697273745F6E616D657C733A353A2241646D696E223B6C6173745F6E616D657C733A353A2241646D696E223B637265617465645F6F6E7C733A32343A22576564203234204A756E20323031352031313A353920504D223B6F6C645F6C6173745F6C6F67696E7C733A31303A2231353433323537303431223B6C6173745F69707C733A333A223A3A31223B6176617461727C733A33363A2236626235303931316636626438663363323331646136333462333766343838362E706E67223B67656E6465727C733A343A226D616C65223B67726F75705F69647C733A313A2231223B73746F72655F69647C733A313A2232223B6861735F73746F72655F69647C4E3B72656769737465725F69647C733A323A223137223B636173685F696E5F68616E647C733A393A22353030302E30303030223B72656769737465725F6F70656E5F74696D657C733A31393A22323031382D31312D32362031343A35313A3337223B),
	('jtqklg74gt94jdgh7icpkftll5fsg9i1', '::1', 1542805502, _binary 0x5F5F63695F6C6173745F726567656E65726174657C693A313534323830353233323B6964656E746974797C733A31353A2261646D696E4061646D696E2E636F6D223B757365726E616D657C733A353A2261646D696E223B656D61696C7C733A31353A2261646D696E4061646D696E2E636F6D223B757365725F69647C733A313A2231223B66697273745F6E616D657C733A353A2241646D696E223B6C6173745F6E616D657C733A353A2241646D696E223B637265617465645F6F6E7C733A32343A22576564203234204A756E20323031352031313A353920504D223B6F6C645F6C6173745F6C6F67696E7C733A31303A2231353432373330373832223B6C6173745F69707C733A333A223A3A31223B6176617461727C733A33363A2236626235303931316636626438663363323331646136333462333766343838362E706E67223B67656E6465727C733A343A226D616C65223B67726F75705F69647C733A313A2231223B73746F72655F69647C4E3B6861735F73746F72655F69647C4E3B),
	('lacgq3741vmesbmiuv32up0ibcu66er2', '::1', 1543344082, _binary 0x5F5F63695F6C6173745F726567656E65726174657C693A313534333334333738353B6964656E746974797C733A31353A2261646D696E4061646D696E2E636F6D223B757365726E616D657C733A353A2261646D696E223B656D61696C7C733A31353A2261646D696E4061646D696E2E636F6D223B757365725F69647C733A313A2231223B66697273745F6E616D657C733A353A2241646D696E223B6C6173745F6E616D657C733A353A2241646D696E223B637265617465645F6F6E7C733A32343A22576564203234204A756E20323031352031313A353920504D223B6F6C645F6C6173745F6C6F67696E7C733A31303A2231353433323630313936223B6C6173745F69707C733A333A223A3A31223B6176617461727C733A33363A2236626235303931316636626438663363323331646136333462333766343838362E706E67223B67656E6465727C733A343A226D616C65223B67726F75705F69647C733A313A2231223B73746F72655F69647C4E3B6861735F73746F72655F69647C4E3B),
	('lo987htlh2nl3rkiau72j9u69r283en7', '127.0.0.1', 1542890687, _binary 0x5F5F63695F6C6173745F726567656E65726174657C693A313534323839303339343B6964656E746974797C733A31353A2261646D696E4061646D696E2E636F6D223B757365726E616D657C733A353A2261646D696E223B656D61696C7C733A31353A2261646D696E4061646D696E2E636F6D223B757365725F69647C733A313A2231223B66697273745F6E616D657C733A353A2241646D696E223B6C6173745F6E616D657C733A353A2241646D696E223B637265617465645F6F6E7C733A32343A22576564203234204A756E20323031352031313A353920504D223B6F6C645F6C6173745F6C6F67696E7C733A31303A2231353431393437313335223B6C6173745F69707C733A393A223132372E302E302E31223B6176617461727C733A33363A2236626235303931316636626438663363323331646136333462333766343838362E706E67223B67656E6465727C733A343A226D616C65223B67726F75705F69647C733A313A2231223B73746F72655F69647C4E3B6861735F73746F72655F69647C4E3B),
	('mcr1ihcj29n2gs1tcekvt4fvigpncpeq', '::1', 1543341751, _binary 0x5F5F63695F6C6173745F726567656E65726174657C693A313534333334313436303B6964656E746974797C733A31353A2261646D696E4061646D696E2E636F6D223B757365726E616D657C733A353A2261646D696E223B656D61696C7C733A31353A2261646D696E4061646D696E2E636F6D223B757365725F69647C733A313A2231223B66697273745F6E616D657C733A353A2241646D696E223B6C6173745F6E616D657C733A353A2241646D696E223B637265617465645F6F6E7C733A32343A22576564203234204A756E20323031352031313A353920504D223B6F6C645F6C6173745F6C6F67696E7C733A31303A2231353433323630313936223B6C6173745F69707C733A333A223A3A31223B6176617461727C733A33363A2236626235303931316636626438663363323331646136333462333766343838362E706E67223B67656E6465727C733A343A226D616C65223B67726F75705F69647C733A313A2231223B73746F72655F69647C4E3B6861735F73746F72655F69647C4E3B),
	('mi1s5k81rn866pkph6ubr1n1v4tn1c1l', '::1', 1543261122, _binary 0x5F5F63695F6C6173745F726567656E65726174657C693A313534333236303834363B6964656E746974797C733A31353A2261646D696E4061646D696E2E636F6D223B757365726E616D657C733A353A2261646D696E223B656D61696C7C733A31353A2261646D696E4061646D696E2E636F6D223B757365725F69647C733A313A2231223B66697273745F6E616D657C733A353A2241646D696E223B6C6173745F6E616D657C733A353A2241646D696E223B637265617465645F6F6E7C733A32343A22576564203234204A756E20323031352031313A353920504D223B6F6C645F6C6173745F6C6F67696E7C733A31303A2231353432383035323536223B6C6173745F69707C733A333A223A3A31223B6176617461727C733A33363A2236626235303931316636626438663363323331646136333462333766343838362E706E67223B67656E6465727C733A343A226D616C65223B67726F75705F69647C733A313A2231223B73746F72655F69647C733A313A2232223B6861735F73746F72655F69647C4E3B72656769737465725F69647C733A323A223137223B636173685F696E5F68616E647C733A393A22353030302E30303030223B72656769737465725F6F70656E5F74696D657C733A31393A22323031382D31312D32362031343A35313A3337223B),
	('nk2eh595trgth5r53llvd90o84mmup85', '::1', 1543348630, _binary 0x5F5F63695F6C6173745F726567656E65726174657C693A313534333334383430363B6964656E746974797C733A31353A2261646D696E4061646D696E2E636F6D223B757365726E616D657C733A353A2261646D696E223B656D61696C7C733A31353A2261646D696E4061646D696E2E636F6D223B757365725F69647C733A313A2231223B66697273745F6E616D657C733A353A2241646D696E223B6C6173745F6E616D657C733A353A2241646D696E223B637265617465645F6F6E7C733A32343A22576564203234204A756E20323031352031313A353920504D223B6F6C645F6C6173745F6C6F67696E7C733A31303A2231353433323630313936223B6C6173745F69707C733A333A223A3A31223B6176617461727C733A33363A2236626235303931316636626438663363323331646136333462333766343838362E706E67223B67656E6465727C733A343A226D616C65223B67726F75705F69647C733A313A2231223B73746F72655F69647C4E3B6861735F73746F72655F69647C4E3B6D6573736167657C733A34303A22436F6E6669677572616369C3B36E2061637475616C697A61646120636F7272656374616D656E7465223B5F5F63695F766172737C613A313A7B733A373A226D657373616765223B733A333A226F6C64223B7D),
	('nklj8q3tgce22keei4e5kp7jjth0lfvh', '::1', 1543349590, _binary 0x5F5F63695F6C6173745F726567656E65726174657C693A313534333334393535373B6964656E746974797C733A31353A2261646D696E4061646D696E2E636F6D223B757365726E616D657C733A353A2261646D696E223B656D61696C7C733A31353A2261646D696E4061646D696E2E636F6D223B757365725F69647C733A313A2231223B66697273745F6E616D657C733A353A2241646D696E223B6C6173745F6E616D657C733A353A2241646D696E223B637265617465645F6F6E7C733A32343A22576564203234204A756E20323031352031313A353920504D223B6F6C645F6C6173745F6C6F67696E7C733A31303A2231353433323630313936223B6C6173745F69707C733A333A223A3A31223B6176617461727C733A33363A2236626235303931316636626438663363323331646136333462333766343838362E706E67223B67656E6465727C733A343A226D616C65223B67726F75705F69647C733A313A2231223B73746F72655F69647C4E3B6861735F73746F72655F69647C4E3B),
	('npc00n4o0mservenu9jj78smghpd0nt2', '::1', 1543258665, _binary 0x5F5F63695F6C6173745F726567656E65726174657C693A313534333235383634383B6964656E746974797C733A31353A2261646D696E4061646D696E2E636F6D223B757365726E616D657C733A353A2261646D696E223B656D61696C7C733A31353A2261646D696E4061646D696E2E636F6D223B757365725F69647C733A313A2231223B66697273745F6E616D657C733A353A2241646D696E223B6C6173745F6E616D657C733A353A2241646D696E223B637265617465645F6F6E7C733A32343A22576564203234204A756E20323031352031313A353920504D223B6F6C645F6C6173745F6C6F67696E7C733A31303A2231353432383035323536223B6C6173745F69707C733A333A223A3A31223B6176617461727C733A33363A2236626235303931316636626438663363323331646136333462333766343838362E706E67223B67656E6465727C733A343A226D616C65223B67726F75705F69647C733A313A2231223B73746F72655F69647C733A313A2232223B6861735F73746F72655F69647C4E3B72656769737465725F69647C733A323A223137223B636173685F696E5F68616E647C733A393A22353030302E30303030223B72656769737465725F6F70656E5F74696D657C733A31393A22323031382D31312D32362031343A35313A3337223B),
	('q0ivs3a3heqqfhsitv2v20qe9rhjpvdp', '::1', 1543342604, _binary 0x5F5F63695F6C6173745F726567656E65726174657C693A313534333334323331303B6964656E746974797C733A31353A2261646D696E4061646D696E2E636F6D223B757365726E616D657C733A353A2261646D696E223B656D61696C7C733A31353A2261646D696E4061646D696E2E636F6D223B757365725F69647C733A313A2231223B66697273745F6E616D657C733A353A2241646D696E223B6C6173745F6E616D657C733A353A2241646D696E223B637265617465645F6F6E7C733A32343A22576564203234204A756E20323031352031313A353920504D223B6F6C645F6C6173745F6C6F67696E7C733A31303A2231353433323630313936223B6C6173745F69707C733A333A223A3A31223B6176617461727C733A33363A2236626235303931316636626438663363323331646136333462333766343838362E706E67223B67656E6465727C733A343A226D616C65223B67726F75705F69647C733A313A2231223B73746F72655F69647C4E3B6861735F73746F72655F69647C4E3B6D6573736167657C733A34303A22436F6E6669677572616369C3B36E2061637475616C697A61646120636F7272656374616D656E7465223B5F5F63695F766172737C613A313A7B733A373A226D657373616765223B733A333A226F6C64223B7D),
	('qn58ef4iv0s5far6301lkafmludj8ot6', '::1', 1543344372, _binary 0x5F5F63695F6C6173745F726567656E65726174657C693A313534333334343130373B6964656E746974797C733A31353A2261646D696E4061646D696E2E636F6D223B757365726E616D657C733A353A2261646D696E223B656D61696C7C733A31353A2261646D696E4061646D696E2E636F6D223B757365725F69647C733A313A2231223B66697273745F6E616D657C733A353A2241646D696E223B6C6173745F6E616D657C733A353A2241646D696E223B637265617465645F6F6E7C733A32343A22576564203234204A756E20323031352031313A353920504D223B6F6C645F6C6173745F6C6F67696E7C733A31303A2231353433323630313936223B6C6173745F69707C733A333A223A3A31223B6176617461727C733A33363A2236626235303931316636626438663363323331646136333462333766343838362E706E67223B67656E6465727C733A343A226D616C65223B67726F75705F69647C733A313A2231223B73746F72655F69647C4E3B6861735F73746F72655F69647C4E3B6D6573736167657C733A34303A22436F6E6669677572616369C3B36E2061637475616C697A61646120636F7272656374616D656E7465223B5F5F63695F766172737C613A313A7B733A373A226D657373616765223B733A333A226F6C64223B7D),
	('rlda6390rvjt0b9n7lcmh78arq8k6663', '::1', 1543349530, _binary 0x5F5F63695F6C6173745F726567656E65726174657C693A313534333334393235303B6964656E746974797C733A31353A2261646D696E4061646D696E2E636F6D223B757365726E616D657C733A353A2261646D696E223B656D61696C7C733A31353A2261646D696E4061646D696E2E636F6D223B757365725F69647C733A313A2231223B66697273745F6E616D657C733A353A2241646D696E223B6C6173745F6E616D657C733A353A2241646D696E223B637265617465645F6F6E7C733A32343A22576564203234204A756E20323031352031313A353920504D223B6F6C645F6C6173745F6C6F67696E7C733A31303A2231353433323630313936223B6C6173745F69707C733A333A223A3A31223B6176617461727C733A33363A2236626235303931316636626438663363323331646136333462333766343838362E706E67223B67656E6465727C733A343A226D616C65223B67726F75705F69647C733A313A2231223B73746F72655F69647C4E3B6861735F73746F72655F69647C4E3B),
	('s6m0970fn20gtgdn5e8pat849ht0p7ni', '::1', 1543261196, _binary 0x5F5F63695F6C6173745F726567656E65726174657C693A313534333236313133333B6964656E746974797C733A31353A2261646D696E4061646D696E2E636F6D223B757365726E616D657C733A353A2261646D696E223B656D61696C7C733A31353A2261646D696E4061646D696E2E636F6D223B757365725F69647C733A313A2231223B66697273745F6E616D657C733A353A2241646D696E223B6C6173745F6E616D657C733A353A2241646D696E223B637265617465645F6F6E7C733A32343A22576564203234204A756E20323031352031313A353920504D223B6F6C645F6C6173745F6C6F67696E7C733A31303A2231353433323537303431223B6C6173745F69707C733A333A223A3A31223B6176617461727C733A33363A2236626235303931316636626438663363323331646136333462333766343838362E706E67223B67656E6465727C733A343A226D616C65223B67726F75705F69647C733A313A2231223B73746F72655F69647C733A313A2232223B6861735F73746F72655F69647C4E3B72656769737465725F69647C733A323A223137223B636173685F696E5F68616E647C733A393A22353030302E30303030223B72656769737465725F6F70656E5F74696D657C733A31393A22323031382D31312D32362031343A35313A3337223B),
	('s8e07virpge2mboqp8dd4j9rvpfdov8j', '::1', 1543350238, _binary 0x5F5F63695F6C6173745F726567656E65726174657C693A313534333334393934353B6964656E746974797C733A31353A2261646D696E4061646D696E2E636F6D223B757365726E616D657C733A353A2261646D696E223B656D61696C7C733A31353A2261646D696E4061646D696E2E636F6D223B757365725F69647C733A313A2231223B66697273745F6E616D657C733A353A2241646D696E223B6C6173745F6E616D657C733A353A2241646D696E223B637265617465645F6F6E7C733A32343A22576564203234204A756E20323031352031313A353920504D223B6F6C645F6C6173745F6C6F67696E7C733A31303A2231353433333431343831223B6C6173745F69707C733A333A223A3A31223B6176617461727C733A33363A2236626235303931316636626438663363323331646136333462333766343838362E706E67223B67656E6465727C733A343A226D616C65223B67726F75705F69647C733A313A2231223B73746F72655F69647C733A313A2232223B6861735F73746F72655F69647C4E3B72656769737465725F69647C733A323A223138223B636173685F696E5F68616E647C733A383A223730302E30303030223B72656769737465725F6F70656E5F74696D657C733A31393A22323031382D31312D32372031363A31363A3231223B),
	('shqd8413on07urrkpo8p6qo7ehrj2gud', '::1', 1543258643, _binary 0x5F5F63695F6C6173745F726567656E65726174657C693A313534333235383334353B6964656E746974797C733A31353A2261646D696E4061646D696E2E636F6D223B757365726E616D657C733A353A2261646D696E223B656D61696C7C733A31353A2261646D696E4061646D696E2E636F6D223B757365725F69647C733A313A2231223B66697273745F6E616D657C733A353A2241646D696E223B6C6173745F6E616D657C733A353A2241646D696E223B637265617465645F6F6E7C733A32343A22576564203234204A756E20323031352031313A353920504D223B6F6C645F6C6173745F6C6F67696E7C733A31303A2231353432383035323536223B6C6173745F69707C733A333A223A3A31223B6176617461727C733A33363A2236626235303931316636626438663363323331646136333462333766343838362E706E67223B67656E6465727C733A343A226D616C65223B67726F75705F69647C733A313A2231223B73746F72655F69647C733A313A2232223B6861735F73746F72655F69647C4E3B72656769737465725F69647C733A323A223137223B636173685F696E5F68616E647C733A393A22353030302E30303030223B72656769737465725F6F70656E5F74696D657C733A31393A22323031382D31312D32362031343A35313A3337223B),
	('tnt4bh3vll2v1bob8h7o69rflm2jqluc', '::1', 1543258301, _binary 0x5F5F63695F6C6173745F726567656E65726174657C693A313534333235383031333B6964656E746974797C733A31353A2261646D696E4061646D696E2E636F6D223B757365726E616D657C733A353A2261646D696E223B656D61696C7C733A31353A2261646D696E4061646D696E2E636F6D223B757365725F69647C733A313A2231223B66697273745F6E616D657C733A353A2241646D696E223B6C6173745F6E616D657C733A353A2241646D696E223B637265617465645F6F6E7C733A32343A22576564203234204A756E20323031352031313A353920504D223B6F6C645F6C6173745F6C6F67696E7C733A31303A2231353432383035323536223B6C6173745F69707C733A333A223A3A31223B6176617461727C733A33363A2236626235303931316636626438663363323331646136333462333766343838362E706E67223B67656E6465727C733A343A226D616C65223B67726F75705F69647C733A313A2231223B73746F72655F69647C733A313A2232223B6861735F73746F72655F69647C4E3B72656769737465725F69647C733A323A223137223B636173685F696E5F68616E647C733A393A22353030302E30303030223B72656769737465725F6F70656E5F74696D657C733A31393A22323031382D31312D32362031343A35313A3337223B),
	('u6c982jpqtfllipm2ds4tu42u8mlnbo7', '::1', 1542806251, _binary 0x5F5F63695F6C6173745F726567656E65726174657C693A313534323830353935373B6964656E746974797C733A31353A2261646D696E4061646D696E2E636F6D223B757365726E616D657C733A353A2261646D696E223B656D61696C7C733A31353A2261646D696E4061646D696E2E636F6D223B757365725F69647C733A313A2231223B66697273745F6E616D657C733A353A2241646D696E223B6C6173745F6E616D657C733A353A2241646D696E223B637265617465645F6F6E7C733A32343A22576564203234204A756E20323031352031313A353920504D223B6F6C645F6C6173745F6C6F67696E7C733A31303A2231353432373330373832223B6C6173745F69707C733A333A223A3A31223B6176617461727C733A33363A2236626235303931316636626438663363323331646136333462333766343838362E706E67223B67656E6465727C733A343A226D616C65223B67726F75705F69647C733A313A2231223B73746F72655F69647C4E3B6861735F73746F72655F69647C4E3B),
	('ufb73cv1c4l0qltc6j6aubumgn5h7m2b', '::1', 1543263091, _binary 0x5F5F63695F6C6173745F726567656E65726174657C693A313534333236333034303B6964656E746974797C733A31353A2261646D696E4061646D696E2E636F6D223B757365726E616D657C733A353A2261646D696E223B656D61696C7C733A31353A2261646D696E4061646D696E2E636F6D223B757365725F69647C733A313A2231223B66697273745F6E616D657C733A353A2241646D696E223B6C6173745F6E616D657C733A353A2241646D696E223B637265617465645F6F6E7C733A32343A22576564203234204A756E20323031352031313A353920504D223B6F6C645F6C6173745F6C6F67696E7C733A31303A2231353433323537303431223B6C6173745F69707C733A333A223A3A31223B6176617461727C733A33363A2236626235303931316636626438663363323331646136333462333766343838362E706E67223B67656E6465727C733A343A226D616C65223B67726F75705F69647C733A313A2231223B73746F72655F69647C733A313A2232223B6861735F73746F72655F69647C4E3B),
	('urvu5ttdugrc8rfnf39offv0hk2qln00', '::1', 1543262342, _binary 0x5F5F63695F6C6173745F726567656E65726174657C693A313534333236323038323B6964656E746974797C733A31353A2261646D696E4061646D696E2E636F6D223B757365726E616D657C733A353A2261646D696E223B656D61696C7C733A31353A2261646D696E4061646D696E2E636F6D223B757365725F69647C733A313A2231223B66697273745F6E616D657C733A353A2241646D696E223B6C6173745F6E616D657C733A353A2241646D696E223B637265617465645F6F6E7C733A32343A22576564203234204A756E20323031352031313A353920504D223B6F6C645F6C6173745F6C6F67696E7C733A31303A2231353433323537303431223B6C6173745F69707C733A333A223A3A31223B6176617461727C733A33363A2236626235303931316636626438663363323331646136333462333766343838362E706E67223B67656E6465727C733A343A226D616C65223B67726F75705F69647C733A313A2231223B73746F72655F69647C733A313A2232223B6861735F73746F72655F69647C4E3B72656769737465725F69647C733A323A223137223B636173685F696E5F68616E647C733A393A22353030302E30303030223B72656769737465725F6F70656E5F74696D657C733A31393A22323031382D31312D32362031343A35313A3337223B),
	('v8au4v5dqtnnaum0ph64reoskar38tho', '::1', 1543343358, _binary 0x5F5F63695F6C6173745F726567656E65726174657C693A313534333334333039393B6964656E746974797C733A31353A2261646D696E4061646D696E2E636F6D223B757365726E616D657C733A353A2261646D696E223B656D61696C7C733A31353A2261646D696E4061646D696E2E636F6D223B757365725F69647C733A313A2231223B66697273745F6E616D657C733A353A2241646D696E223B6C6173745F6E616D657C733A353A2241646D696E223B637265617465645F6F6E7C733A32343A22576564203234204A756E20323031352031313A353920504D223B6F6C645F6C6173745F6C6F67696E7C733A31303A2231353433323630313936223B6C6173745F69707C733A333A223A3A31223B6176617461727C733A33363A2236626235303931316636626438663363323331646136333462333766343838362E706E67223B67656E6465727C733A343A226D616C65223B67726F75705F69647C733A313A2231223B73746F72655F69647C4E3B6861735F73746F72655F69647C4E3B);
/*!40000 ALTER TABLE `mon_sessions` ENABLE KEYS */;

-- Volcando estructura para tabla monaco.mon_settings
CREATE TABLE IF NOT EXISTS `mon_settings` (
  `setting_id` int(1) NOT NULL,
  `logo` varchar(255) NOT NULL,
  `site_name` varchar(55) NOT NULL,
  `tel` varchar(20) NOT NULL,
  `dateformat` varchar(20) DEFAULT NULL,
  `timeformat` varchar(20) DEFAULT NULL,
  `default_email` varchar(100) NOT NULL,
  `language` varchar(20) NOT NULL,
  `version` varchar(10) NOT NULL DEFAULT '1.0',
  `theme` varchar(20) NOT NULL,
  `timezone` varchar(255) NOT NULL DEFAULT '0',
  `protocol` varchar(20) NOT NULL DEFAULT 'mail',
  `smtp_host` varchar(255) DEFAULT NULL,
  `smtp_user` varchar(100) DEFAULT NULL,
  `smtp_pass` varchar(255) DEFAULT NULL,
  `smtp_port` varchar(10) DEFAULT '25',
  `smtp_crypto` varchar(5) DEFAULT NULL,
  `mmode` tinyint(1) NOT NULL,
  `captcha` tinyint(1) NOT NULL DEFAULT '1',
  `mailpath` varchar(55) DEFAULT NULL,
  `currency_prefix` varchar(3) NOT NULL,
  `default_customer` int(11) NOT NULL,
  `default_tax_rate` varchar(20) NOT NULL,
  `rows_per_page` int(2) NOT NULL,
  `total_rows` int(2) NOT NULL,
  `header` varchar(1000) DEFAULT NULL,
  `footer` varchar(1000) DEFAULT NULL,
  `bsty` tinyint(4) NOT NULL,
  `display_kb` tinyint(4) NOT NULL,
  `default_category` int(11) NOT NULL,
  `default_discount` varchar(20) NOT NULL,
  `item_addition` tinyint(1) NOT NULL,
  `barcode_symbology` varchar(55) DEFAULT NULL,
  `pro_limit` tinyint(4) NOT NULL,
  `decimals` tinyint(1) NOT NULL DEFAULT '2',
  `thousands_sep` varchar(2) NOT NULL DEFAULT ',',
  `decimals_sep` varchar(2) NOT NULL DEFAULT '.',
  `focus_add_item` varchar(55) DEFAULT NULL,
  `add_customer` varchar(55) DEFAULT NULL,
  `toggle_category_slider` varchar(55) DEFAULT NULL,
  `cancel_sale` varchar(55) DEFAULT NULL,
  `suspend_sale` varchar(55) DEFAULT NULL,
  `print_order` varchar(55) DEFAULT NULL,
  `print_bill` varchar(55) DEFAULT NULL,
  `finalize_sale` varchar(55) DEFAULT NULL,
  `today_sale` varchar(55) DEFAULT NULL,
  `open_hold_bills` varchar(55) DEFAULT NULL,
  `close_register` varchar(55) DEFAULT NULL,
  `java_applet` tinyint(1) NOT NULL,
  `receipt_printer` varchar(55) DEFAULT NULL,
  `pos_printers` varchar(255) DEFAULT NULL,
  `cash_drawer_codes` varchar(55) DEFAULT NULL,
  `char_per_line` tinyint(4) DEFAULT '42',
  `rounding` tinyint(1) DEFAULT '0',
  `pin_code` varchar(20) DEFAULT NULL,
  `stripe` tinyint(1) DEFAULT NULL,
  `stripe_secret_key` varchar(100) DEFAULT NULL,
  `stripe_publishable_key` varchar(100) DEFAULT NULL,
  `conf2` varchar(100) DEFAULT NULL,
  `conf` varchar(50) DEFAULT NULL,
  `theme_style` varchar(25) DEFAULT 'green',
  `after_sale_page` tinyint(1) DEFAULT NULL,
  `overselling` tinyint(1) DEFAULT '1',
  `multi_store` tinyint(1) DEFAULT NULL,
  `qty_decimals` tinyint(1) DEFAULT '2',
  `symbol` varchar(55) DEFAULT NULL,
  `sac` tinyint(1) DEFAULT '0',
  `display_symbol` tinyint(1) DEFAULT NULL,
  `remote_printing` tinyint(1) DEFAULT '1',
  `printer` int(11) DEFAULT NULL,
  `order_printers` varchar(55) DEFAULT NULL,
  `auto_print` tinyint(1) DEFAULT '0',
  `local_printers` tinyint(1) DEFAULT NULL,
  `rtl` tinyint(1) DEFAULT NULL,
  `print_img` tinyint(1) DEFAULT NULL,
  PRIMARY KEY (`setting_id`)
) ENGINE=InnoDB DEFAULT CHARSET=utf8;

-- Volcando datos para la tabla monaco.mon_settings: ~0 rows (aproximadamente)
/*!40000 ALTER TABLE `mon_settings` DISABLE KEYS */;
INSERT INTO `mon_settings` (`setting_id`, `logo`, `site_name`, `tel`, `dateformat`, `timeformat`, `default_email`, `language`, `version`, `theme`, `timezone`, `protocol`, `smtp_host`, `smtp_user`, `smtp_pass`, `smtp_port`, `smtp_crypto`, `mmode`, `captcha`, `mailpath`, `currency_prefix`, `default_customer`, `default_tax_rate`, `rows_per_page`, `total_rows`, `header`, `footer`, `bsty`, `display_kb`, `default_category`, `default_discount`, `item_addition`, `barcode_symbology`, `pro_limit`, `decimals`, `thousands_sep`, `decimals_sep`, `focus_add_item`, `add_customer`, `toggle_category_slider`, `cancel_sale`, `suspend_sale`, `print_order`, `print_bill`, `finalize_sale`, `today_sale`, `open_hold_bills`, `close_register`, `java_applet`, `receipt_printer`, `pos_printers`, `cash_drawer_codes`, `char_per_line`, `rounding`, `pin_code`, `stripe`, `stripe_secret_key`, `stripe_publishable_key`, `conf2`, `conf`, `theme_style`, `after_sale_page`, `overselling`, `multi_store`, `qty_decimals`, `symbol`, `sac`, `display_symbol`, `remote_printing`, `printer`, `order_printers`, `auto_print`, `local_printers`, `rtl`, `print_img`) VALUES
	(1, 'logo1.png', 'Monaco', '21458796', 'D j M Y', 'h:i A', 'maranthon@hotmail.com', 'english', '1.2', 'default', 'America', 'mail', 'pop.gmail.com', 'noreply@spos.tecdiary.my', '', '25', '', 0, 0, NULL, 'USD', 1, '5%', 10, 30, NULL, NULL, 3, 1, 1, '0', 1, NULL, 10, 0, '.', ',', 'ALT+F1', 'ALT+F2', 'ALT+F10', 'ALT+F5', 'ALT+F6', 'ALT+F11', 'ALT+F12', 'ALT+F8', 'Ctrl+F1', 'Ctrl+F2', 'ALT+F7', 0, '', '', '', 42, 1, '0000', 0, '', '', '65806230-5697-4f94-89f4-49275c3c19d8', 'sgr1875', 'red', 0, 1, 1, 1, '$', 0, 1, 1, 1, '["1"]', 0, 1, 0, 0);
/*!40000 ALTER TABLE `mon_settings` ENABLE KEYS */;

-- Volcando estructura para tabla monaco.mon_stores
CREATE TABLE IF NOT EXISTS `mon_stores` (
  `id` int(11) NOT NULL AUTO_INCREMENT,
  `name` varchar(50) NOT NULL,
  `code` varchar(20) NOT NULL,
  `logo` varchar(40) DEFAULT NULL,
  `email` varchar(100) DEFAULT NULL,
  `phone` varchar(15) NOT NULL,
  `address1` varchar(50) DEFAULT NULL,
  `address2` varchar(50) DEFAULT NULL,
  `city` varchar(20) DEFAULT NULL,
  `state` varchar(20) DEFAULT NULL,
  `postal_code` varchar(8) DEFAULT NULL,
  `country` varchar(25) DEFAULT NULL,
  `currency_code` varchar(3) DEFAULT NULL,
  `receipt_header` text,
  `receipt_footer` text,
  PRIMARY KEY (`id`)
) ENGINE=InnoDB AUTO_INCREMENT=3 DEFAULT CHARSET=utf8;

-- Volcando datos para la tabla monaco.mon_stores: ~2 rows (aproximadamente)
/*!40000 ALTER TABLE `mon_stores` DISABLE KEYS */;
INSERT INTO `mon_stores` (`id`, `name`, `code`, `logo`, `email`, `phone`, `address1`, `address2`, `city`, `state`, `postal_code`, `country`, `currency_code`, `receipt_header`, `receipt_footer`) VALUES
	(1, 'Monaco', '0001', '1640451d34bf3d2d73adcebebdc15247.png', 'monaco@monaco.com', '012345678', 'C/ Montaña del Sur', '', 'La Paz', 'La Paz', '0000', 'Bolivia', 'MYR', 'Detalles de compra', 'Gracias por su compra vuelva pronto'),
	(2, 'Center Market', '0002', NULL, 'center@gmail.com', '2145874', '', '', 'Lima', 'Lima', '2541', 'Perú', NULL, '', '');
/*!40000 ALTER TABLE `mon_stores` ENABLE KEYS */;

-- Volcando estructura para tabla monaco.mon_suppliers
CREATE TABLE IF NOT EXISTS `mon_suppliers` (
  `id` int(11) NOT NULL AUTO_INCREMENT,
  `name` varchar(55) NOT NULL,
  `cf1` varchar(255) NOT NULL,
  `cf2` varchar(255) NOT NULL,
  `phone` varchar(20) NOT NULL,
  `email` varchar(100) NOT NULL,
  PRIMARY KEY (`id`)
) ENGINE=InnoDB AUTO_INCREMENT=2 DEFAULT CHARSET=utf8;

-- Volcando datos para la tabla monaco.mon_suppliers: ~0 rows (aproximadamente)
/*!40000 ALTER TABLE `mon_suppliers` DISABLE KEYS */;
INSERT INTO `mon_suppliers` (`id`, `name`, `cf1`, `cf2`, `phone`, `email`) VALUES
	(1, 'Test Supplier', '1', '2', '0123456789', 'supplier@tecdairy.com');
/*!40000 ALTER TABLE `mon_suppliers` ENABLE KEYS */;

-- Volcando estructura para tabla monaco.mon_suspended_items
CREATE TABLE IF NOT EXISTS `mon_suspended_items` (
  `id` int(11) NOT NULL AUTO_INCREMENT,
  `suspend_id` int(11) NOT NULL,
  `product_id` int(11) NOT NULL,
  `quantity` decimal(15,4) NOT NULL,
  `unit_price` decimal(25,4) NOT NULL,
  `net_unit_price` decimal(25,4) NOT NULL,
  `discount` varchar(20) DEFAULT NULL,
  `item_discount` decimal(25,4) DEFAULT NULL,
  `tax` int(20) DEFAULT NULL,
  `item_tax` decimal(25,4) DEFAULT NULL,
  `subtotal` decimal(25,4) NOT NULL,
  `real_unit_price` decimal(25,4) DEFAULT NULL,
  `product_code` varchar(50) DEFAULT NULL,
  `product_name` varchar(50) DEFAULT NULL,
  `comment` varchar(255) DEFAULT NULL,
  PRIMARY KEY (`id`)
) ENGINE=InnoDB DEFAULT CHARSET=utf8;

-- Volcando datos para la tabla monaco.mon_suspended_items: ~0 rows (aproximadamente)
/*!40000 ALTER TABLE `mon_suspended_items` DISABLE KEYS */;
/*!40000 ALTER TABLE `mon_suspended_items` ENABLE KEYS */;

-- Volcando estructura para tabla monaco.mon_suspended_sales
CREATE TABLE IF NOT EXISTS `mon_suspended_sales` (
  `id` int(11) NOT NULL AUTO_INCREMENT,
  `date` datetime NOT NULL,
  `customer_id` int(11) NOT NULL,
  `customer_name` varchar(55) NOT NULL,
  `total` decimal(25,4) NOT NULL,
  `product_discount` decimal(25,4) DEFAULT NULL,
  `order_discount_id` varchar(20) DEFAULT NULL,
  `order_discount` decimal(25,4) DEFAULT NULL,
  `total_discount` decimal(25,4) DEFAULT NULL,
  `product_tax` decimal(25,4) DEFAULT NULL,
  `order_tax_id` varchar(20) DEFAULT NULL,
  `order_tax` decimal(25,4) DEFAULT NULL,
  `total_tax` decimal(25,4) DEFAULT NULL,
  `grand_total` decimal(25,4) NOT NULL,
  `total_items` int(11) DEFAULT NULL,
  `total_quantity` decimal(15,4) DEFAULT NULL,
  `paid` decimal(25,4) DEFAULT NULL,
  `created_by` int(11) DEFAULT NULL,
  `updated_by` int(11) DEFAULT NULL,
  `updated_at` datetime DEFAULT NULL,
  `note` varchar(1000) DEFAULT NULL,
  `hold_ref` varchar(255) DEFAULT NULL,
  `store_id` int(11) NOT NULL DEFAULT '1',
  PRIMARY KEY (`id`)
) ENGINE=InnoDB DEFAULT CHARSET=utf8;

-- Volcando datos para la tabla monaco.mon_suspended_sales: ~0 rows (aproximadamente)
/*!40000 ALTER TABLE `mon_suspended_sales` DISABLE KEYS */;
/*!40000 ALTER TABLE `mon_suspended_sales` ENABLE KEYS */;

-- Volcando estructura para tabla monaco.mon_users
CREATE TABLE IF NOT EXISTS `mon_users` (
  `id` int(11) unsigned NOT NULL AUTO_INCREMENT,
  `last_ip_address` varbinary(45) DEFAULT NULL,
  `ip_address` varbinary(45) DEFAULT NULL,
  `username` varchar(100) NOT NULL,
  `password` varchar(40) NOT NULL,
  `salt` varchar(40) DEFAULT NULL,
  `email` varchar(100) NOT NULL,
  `activation_code` varchar(40) DEFAULT NULL,
  `forgotten_password_code` varchar(40) DEFAULT NULL,
  `forgotten_password_time` int(11) unsigned DEFAULT NULL,
  `remember_code` varchar(40) DEFAULT NULL,
  `created_on` int(11) unsigned NOT NULL,
  `last_login` int(11) unsigned DEFAULT NULL,
  `active` tinyint(1) unsigned DEFAULT NULL,
  `first_name` varchar(50) DEFAULT NULL,
  `last_name` varchar(50) DEFAULT NULL,
  `company` varchar(100) DEFAULT NULL,
  `phone` varchar(20) DEFAULT NULL,
  `avatar` varchar(55) DEFAULT NULL,
  `gender` varchar(20) DEFAULT NULL,
  `group_id` int(11) unsigned NOT NULL DEFAULT '2',
  `store_id` int(11) DEFAULT NULL,
  PRIMARY KEY (`id`),
  KEY `group_id` (`group_id`)
) ENGINE=InnoDB AUTO_INCREMENT=15 DEFAULT CHARSET=utf8;

-- Volcando datos para la tabla monaco.mon_users: ~2 rows (aproximadamente)
/*!40000 ALTER TABLE `mon_users` DISABLE KEYS */;
INSERT INTO `mon_users` (`id`, `last_ip_address`, `ip_address`, `username`, `password`, `salt`, `email`, `activation_code`, `forgotten_password_code`, `forgotten_password_time`, `remember_code`, `created_on`, `last_login`, `active`, `first_name`, `last_name`, `company`, `phone`, `avatar`, `gender`, `group_id`, `store_id`) VALUES
	(1, _binary 0x3A3A31, _binary 0x3132372E302E302E31, 'admin', 'fe941d48eb1fbce34b4588ae500861570fb0e398', NULL, 'admin@admin.com', NULL, NULL, NULL, 'b2d2c8fd5d9a5f19901279ac74cec92dc15ac970', 1435204774, 1543409776, 1, 'Admin', 'Admin', 'Tecdiary', '012345678', '6bb50911f6bd8f3c231da634b37f4886.png', 'male', 1, NULL),
	(14, NULL, _binary 0x3132372E302E302E31, 'pepe', 'b4e0e0ca41cb4511c575f5ad38eb00466e7ee019', NULL, 'mar@gmail.com', NULL, NULL, NULL, NULL, 1541032495, 1541032495, 1, 'pepe', 'perez', NULL, '423432423', NULL, 'male', 1, NULL);
/*!40000 ALTER TABLE `mon_users` ENABLE KEYS */;

-- Volcando estructura para tabla monaco.mon_user_logins
CREATE TABLE IF NOT EXISTS `mon_user_logins` (
  `id` int(11) NOT NULL AUTO_INCREMENT,
  `user_id` int(11) NOT NULL,
  `company_id` int(11) DEFAULT NULL,
  `ip_address` varbinary(16) NOT NULL,
  `login` varchar(100) NOT NULL,
  `time` timestamp NULL DEFAULT CURRENT_TIMESTAMP,
  PRIMARY KEY (`id`)
) ENGINE=InnoDB AUTO_INCREMENT=61 DEFAULT CHARSET=utf8;

-- Volcando datos para la tabla monaco.mon_user_logins: ~33 rows (aproximadamente)
/*!40000 ALTER TABLE `mon_user_logins` DISABLE KEYS */;
INSERT INTO `mon_user_logins` (`id`, `user_id`, `company_id`, `ip_address`, `login`, `time`) VALUES
	(17, 1, NULL, _binary 0x3132372E302E302E31, 'admin@admin.com', '2018-10-27 07:53:15'),
	(18, 1, NULL, _binary 0x3132372E302E302E31, 'admin@admin.com', '2018-10-29 09:07:23'),
	(19, 1, NULL, _binary 0x3132372E302E302E31, 'admin@admin.com', '2018-10-29 09:46:50'),
	(20, 1, NULL, _binary 0x3132372E302E302E31, 'admin@admin.com', '2018-10-29 10:17:04'),
	(21, 2, NULL, _binary 0x3132372E302E302E31, 'pepe', '2018-10-29 10:27:28'),
	(22, 1, NULL, _binary 0x3132372E302E302E31, 'admin', '2018-10-29 10:29:45'),
	(23, 1, NULL, _binary 0x3132372E302E302E31, 'admin@admin.com', '2018-10-30 13:02:40'),
	(24, 1, NULL, _binary 0x3132372E302E302E31, 'admin', '2018-10-30 14:26:20'),
	(25, 1, NULL, _binary 0x3132372E302E302E31, 'admin', '2018-10-30 15:15:42'),
	(26, 1, NULL, _binary 0x3132372E302E302E31, 'admin', '2018-10-30 15:18:09'),
	(27, 1, NULL, _binary 0x3132372E302E302E31, 'admin@admin.com', '2018-10-31 03:27:18'),
	(28, 1, NULL, _binary 0x3132372E302E302E31, 'admin@admin.com', '2018-10-31 13:46:19'),
	(29, 1, NULL, _binary 0x3132372E302E302E31, 'admin', '2018-10-31 14:29:03'),
	(30, 1, NULL, _binary 0x3132372E302E302E31, 'admin@admin.com', '2018-10-31 14:42:55'),
	(31, 1, NULL, _binary 0x3132372E302E302E31, 'admin', '2018-10-31 14:49:17'),
	(32, 1, NULL, _binary 0x3132372E302E302E31, 'admin', '2018-10-31 14:52:12'),
	(33, 1, NULL, _binary 0x3132372E302E302E31, 'admin', '2018-10-31 14:54:32'),
	(34, 1, NULL, _binary 0x3132372E302E302E31, 'admin', '2018-10-31 15:13:28'),
	(35, 1, NULL, _binary 0x3132372E302E302E31, 'admin', '2018-11-01 08:32:33'),
	(36, 1, NULL, _binary 0x3132372E302E302E31, 'admin', '2018-11-01 08:42:32'),
	(37, 1, NULL, _binary 0x3132372E302E302E31, 'admin', '2018-11-02 04:13:32'),
	(38, 1, NULL, _binary 0x3132372E302E302E31, 'admin', '2018-11-02 04:17:47'),
	(39, 1, NULL, _binary 0x3132372E302E302E31, 'admin', '2018-11-02 04:44:15'),
	(40, 1, NULL, _binary 0x3132372E302E302E31, 'admin', '2018-11-05 06:52:14'),
	(41, 1, NULL, _binary 0x3132372E302E302E31, 'admin', '2018-11-05 09:33:31'),
	(42, 1, NULL, _binary 0x3132372E302E302E31, 'admin@admin.com', '2018-11-11 05:02:45'),
	(43, 1, NULL, _binary 0x3132372E302E302E31, 'admin@admin.com', '2018-11-11 05:38:55'),
	(44, 1, NULL, _binary 0x3132372E302E302E31, 'admin@admin.com', '2018-11-22 03:38:24'),
	(45, 1, NULL, _binary 0x3A3A31, 'admin@admin.com', '2018-11-20 04:13:57'),
	(46, 1, NULL, _binary 0x3A3A31, 'admin@admin.com', '2018-11-20 04:37:46'),
	(47, 1, NULL, _binary 0x3A3A31, 'admin@admin.com', '2018-11-20 05:23:38'),
	(48, 1, NULL, _binary 0x3A3A31, 'admin@admin.com', '2018-11-20 05:25:26'),
	(49, 1, NULL, _binary 0x3A3A31, 'admin@admin.com', '2018-11-20 05:31:56'),
	(50, 1, NULL, _binary 0x3A3A31, 'admin@admin.com', '2018-11-20 05:34:54'),
	(51, 1, NULL, _binary 0x3A3A31, 'admin@admin.com', '2018-11-20 05:35:47'),
	(52, 1, NULL, _binary 0x3A3A31, 'admin@admin.com', '2018-11-20 05:43:19'),
	(53, 1, NULL, _binary 0x3A3A31, 'admin@admin.com', '2018-11-20 12:19:42'),
	(54, 1, NULL, _binary 0x3A3A31, 'admin@admin.com', '2018-11-21 09:00:56'),
	(55, 1, NULL, _binary 0x3A3A31, 'admin@admin.com', '2018-11-26 14:30:41'),
	(56, 1, NULL, _binary 0x3A3A31, 'admin@admin.com', '2018-11-26 15:23:16'),
	(57, 1, NULL, _binary 0x3A3A31, 'admin@admin.com', '2018-11-27 13:58:01'),
	(58, 1, NULL, _binary 0x3A3A31, 'admin@admin.com', '2018-11-27 16:14:03'),
	(59, 1, NULL, _binary 0x3A3A31, 'admin@admin.com', '2018-11-27 16:33:07'),
	(60, 1, NULL, _binary 0x3A3A31, 'admin@admin.com', '2018-11-28 08:56:17');
/*!40000 ALTER TABLE `mon_user_logins` ENABLE KEYS */;

/*!40101 SET SQL_MODE=IFNULL(@OLD_SQL_MODE, '') */;
/*!40014 SET FOREIGN_KEY_CHECKS=IF(@OLD_FOREIGN_KEY_CHECKS IS NULL, 1, @OLD_FOREIGN_KEY_CHECKS) */;
/*!40101 SET CHARACTER_SET_CLIENT=@OLD_CHARACTER_SET_CLIENT */;
